content_id,tagged
2850329201715090591,marvelindonesia
2800209965231654796,bibit.id
2701499232600647239,fadiljaidi
2701499232600647239,bintangemon
2701499232600647239,alshadahmad
2701499232600647239,gadgetins
2701499232600647239,hansoljang110
2701499232600647239,kenandgrat
3393094834955733043,mantappuacademy
3496031334520838862,mantappuacademy
3494594625825167693,fadiljaidi
3494594625825167693,keanuagl
3494594625825167693,goldenblack.gourmet
3494561135020732477,jeromepolin
3494561135020732477,arafahrianti
3494561135020732477,haldarnta
3493851607135967394,jehianps
3493851607135967394,jesferrel_porman
3493180992864084202,arafahrianti
3493180992864084202,vidialdiano
3493180992864084202,nandoariiiss
3493180992864084202,arnoldpo
3493180992864084202,shazhaniaa
3493180992864084202,haldarnta
3493180992864084202,medyrenaldy
3493180992864084202,kittendust
3493180992864084202,jaiiibruh
3493180992864084202,malakaproject.id
3493180992864084202,chareraprilly
3493180992864084202,graciacarolinee
3493180992864084202,billykur
3493180992864084202,angelathrst
3493180992864084202,marselsona_
3493180992864084202,danysanargya
3493180992864084202,stevennathanielll
3493180992864084202,elisabethyektiomi
3493180992864084202,adityagofi_
3492431980689900920,ajinomoto.indonesia
3490918686327206890,erickthohir
3490918686327206890,chicco.jerikho
3490918686327206890,uan.kaisar
3490918686327206890,juicyluicyband
3495396567655535061,fatosesportesbr
2936466485860612212,hustlediaries
2935736301070938825,hustlediaries
2935007927214147131,hustlediaries
2934317486122588892,hustlediaries
2932844644545672314,hustlediaries
2780042118395007114,hustlediaries
2777766626442811572,hustlediaries
3242363805101486299,entrepreneurbible
3119811304109035348,entrepreneurbible
3496381748913750668,philrypz
3496357339269765925,entrepreneurbible
3496345355326179958,howtofoodprep
3496345355326179958,thepositiveminds
3496345355326179958,nourishing
3496345355326179958,third_eye_thirst
3496345355326179958,successowner
3496281383326732441,entrepreneurbible
3496199236666737196,alaskacoin
3496188730832828389,entrepreneurbible
3496163679160937934,thekoerneroffice
3496093766482899633,entrepreneurbible
3496022368999150612,entrepreneurbible
3495927320760457884,entrepreneurbible
3220992719698002814,drdanielbuttros
2983990378651914591,clinicaseven
2922385174286856752,vinariumrestaurante
2922385174286856752,zuckfilmes
2922385174286856752,guviolino
3493974996991383025,castella.studio
3493974996991383025,paulorenso
2704802998771648864,km_study.info
3206196877514617101,mymodernmet
3206196877514617101,km_study.info
3389595608955881263,km_study.info
3302589656444076982,artashes_sardarian
3496120921704983840,km_study.info
3495422390466824537,km_study.info
3494749676391499384,km_study.info
3492553680354816568,popcultureinpictures_
3492553680354816568,km_study.info
3490359390858046534,km_study.info
3488377974321544725,km_study.info
3487451972544176398,km_study.info
3486083076961104610,km_study.info
3482377722070494844,kathrin_marchenko
2992531401676855667,crookedmedia
2774331780420324423,maryakpa
3491200426299812481,roses_are_rosie
3491200426299812481,sabrinacarpenter
3491200426299812481,wickedmovie
3277390391343129874,amine_aouni
3277390391343129874,1billionsummit
3495556822646099722,arabi21news
3486049116918810358,arabi21news
3482459995193351537,arabi21news
3479613529097617529,arabi21news
3475992355935491022,arabi21news
3469452129859686793,arabi21news
3464414894286370545,arabi21news
3461536514603755573,arabi21news
3452078398166485947,arabi21news
3483757127991965741,praktika_english
2778407598599125572,english_speaking11
2788401837802219774,english_speaking11
2782845391995837095,english_speaking11
3496026527797323055,zindagi.gulzar.h
3496026527797323055,english_speaking11
3496026527797323055,ghalib.ka.safar
3496026527797323055,indoriprem
3496026527797323055,mukammal._
3494614818216797762,therealvincenzoschettini
3493130188942996659,lafisicachecipiace
3493130188942996659,raiplay_official
3490998389064119202,geopop
3490998389064119202,andreamoccia
3490991765723028288,theseries.show
3489441420061678944,narendramodi
3489441420061678944,gadkari.nitin
3489441420061678944,drmohanyadav51
3489441420061678944,play.ott
3489441420061678944,memesbyjeevan
3489441420061678944,indorigram_
3489441420061678944,advpushyamitra
3489441420061678944,aestheticindore
3489441420061678944,rishabh_bagora
3489441420061678944,traffic_mitra
3114776122358200897,simoneheng
2705648465424218922,startalk
3363622984041632175,neildegrassetyson
3363622984041632175,jessicamalatyrivera
3363622984041632175,miiaberger
3494657031640130036,praktika_english
3491748153646385922,promova
3490305829976655542,praktika_english
3488115848407190252,praktika_english
3038197821093818932,sinancanan
3038197821093818932,prof.dr.nevzat.tarhan
3038197821093818932,abrar_sabbah
2850828042294059889,ismail_tongar
3491527712042351134,misstubetr
3490114306319911055,anmolkalra05
3495959062659940185,jasakerjaintugas.id
3495748461080272026,classprogram.id
3495231838429897387,jasakerjaintugas.id
2814162061736591099,ajmathmatrics
2814162061736591099,chance_undhi
2792412364612660723,ajmathmatrics
2792412364612660723,chance_undhi
3341011921959444747,ajmathmatrics
3341011921959444747,chance_undhi
3324758896374907307,ajmathmatrics
3324758896374907307,chance_undhi
3289995626065721538,ajmathmatrics
3289995626065721538,chance_undhi
3496058217622935522,ajmathmatrics
3494689564361098381,ajmathmatrics
3492365627434568111,ajmathmatrics
3491644300536912934,ajmathmatrics
3490718301863535613,ajmathmatrics
3489539572608673155,ajmathmatrics
3489518307353356970,ajmathmatrics
3488092744449461508,ajmathmatrics
3480309273085016091,reda.francais_
3477382087273249928,prof.cherifi
3474496461317925432,reda.francais_
3474496461317925432,faycal.espanol
3283732864608022253,amandhattarwal
3491046542990445273,amandhattarwal
3478005926705997414,amandhattarwal
3478005926705997414,officialapnacollege
3476532667758882938,amandhattarwal
3476532667758882938,officialapnacollege
3455406746461163068,shradhakhapra
3453103509703230754,shradhakhapra
3453103509703230754,officialapnacollege
3448327956282738551,amandhattarwal
3448327956282738551,officialapnacollege
3446142086675094502,amandhattarwal
3446142086675094502,officialapnacollege
3440363811218612843,officialapnacollege
3482259653344394541,shakeryan_com
3069544878031019543,guilhermebatilani
3193429581921802288,aordemoficial
3320068149562199061,narendramodi
3320068149562199061,mygovindia
3320068149562199061,ashwini.vaishnaw
3491121798136030112,omm.guptaa
3490731934353285174,ministryofculturegoi
3124865959062478849,budayasaya
3124865959062478849,anugerahkebudayaan.official
2893630400902303770,unicefindonesia
2890713809726416845,cerdasberkarakter.kemdikbudri
2886427381615362353,unicef
2886427381615362353,mendikbudristek27
2886427381615362353,budayasaya
2886427381615362353,indonesia.g20
2886427381615362353,hilmarfarid
2884372705298402584,unicefindonesia
2884372705298402584,suhartisutar
2881955084236506483,cerdasberkarakter.kemdikbudri
2881220532882981203,ditjen.gtk.kemdikbud
2873327531401745807,riodewanto
2873327531401745807,museumnasionalindonesia
3495773911915504460,kemdikbud.ri
3495773911915504460,direktorat.sma
3495773911915504460,ditjen.paud.dikdasmen
3495773911915504460,ditpsd
3495773911915504460,ditsmp.kemdikbud
3495773911915504460,abe_mukti
3495773911915504460,nrwdh.niaa
3495773911915504460,daffa.wdrt
3495773911915504460,adindacrb
3495773911915504460,franzmujaffar
3495773911915504460,4delioo_
3495773911915504460,arya_aja_213
3495773911915504460,rif_fff12
3495773911915504460,elovenkrist_
3495773911915504460,_rara.mey.za
3495355139508550793,abe_mukti
3494445324917570761,puspresnas
3494445324917570761,abe_mukti
3493581663962650444,kemdikbud.ri
3493581663962650444,direktorat.sma
3493581663962650444,ditsmp.kemdikbud
3493581663962650444,abe_mukti
3493536461037571582,ditjen.gtk.kemdikbud
3493536461037571582,abe_mukti
3492914567273788372,kemdikbud.ri
3492914567273788372,badanbahasakemendikbud
3492914567273788372,ditjen.paud.dikdasmen
3492914567273788372,kamivokasi
3492914567273788372,litbangdikbud
3492093504241939405,ditjen.paud.dikdasmen
3492093504241939405,direktoratsmk
3492093504241939405,paudpedia
3492093504241939405,abe_mukti
3491648890208034288,ditjen.gtk.kemdikbud
3491648890208034288,nunuksuryani
3491648890208034288,ditjen.paud.dikdasmen
3491648890208034288,kamivokasi
3491648890208034288,litbangdikbud
3491648890208034288,abe_mukti
3490782726108051998,abe_mukti
3490667189457765291,badanbahasakemendikbud
3493243606994410610,aymansadiq10
3477302930951652592,aymansadiq10
3466369411710834581,aymansadiq10
3466369411710834581,md_sadman_sadik
3466369411710834581,habiba_hasin
3457667938563067148,aymansadiq10
3399814069857677094,aymansadiq10
3170950747242179469,aprova_pm
3170950747242179469,_alexfaria
3169533108192112179,samila.fonteles
3105444180460603924,adaailsom
3496132126791252553,professorpaulinhokuririn
3496132126791252553,educacaoadventistabrasil
3496132126791252553,educacaoadventistacentrooeste
3496132126791252553,educacaoadventistagoias
3496132126791252553,joice.daianepereiraromualdo
3496132126791252553,thiagomaillo
3496132126791252553,suely.silva.sousa
3496132126791252553,meyreemilly_
3496132126791252553,joselisoaresramos
3244603246961287940,lolosbeasiswa.id
3208274945539177832,kampunginggrismpare
3496124083157587596,kampunginggrism
3496088387421777188,kampunginggrism
3496066117515760431,kampunginggrism
3495960225347588996,kampunginggrism
3495803496302006934,kampunginggrism
2736048832497324917,grdiscovery
2731461869736984527,fafadbelem
2731461869736984527,rodneywilliam_
3089087070512836059,andre_hedlund
2886854057104796338,inglessemneura
2707553361794702408,shakira
2707553361794702408,sonymusicbrasil
3490348903356298988,eusoutiagorocha
3490348903356298988,teacherjulialopez
3488903596966618160,teacherpaulagabriela
2814854271638606386,querosersexologo
2882786648627131756,el_pais
2881333980352334834,el_pais
2877712270696715241,wendyramosrey
3495321905182285239,carlinhosbrown
3495321905182285239,segibdigital
3493815275008603585,irenevallejomoreu
3491237607773034628,aprendemosjuntosbbva
3491237607773034628,jorgeserratosf
3490873562443076075,danielhabif
3490171498314555175,jdiego_florez
3488705659170138108,marianrojasestape
3486016926317475271,aprendemosjuntosbbva
3486016926317475271,e_poniatowska
3485149975056827365,soyandresparra
3483631279033297690,xescoespar
3481443967801362705,anaibanez_g
3480013809886299662,litacabellut
2919128424910782844,medschool.dopamine
2909076203095709425,smashusmle
2893328106717574418,medschoolcoach
2891055246514942123,surgicalcases.ig
2885893449583678074,medschoolcoach
