owner_id,media_id,user_id
3484476083487786753_787132_owner,3484476083487786753_787132,787132
3476295264112125543_787132_owner,3476295264112125543_787132,787132
3501448448508447154_787132_owner,3501448448508447154_787132,787132
3501176708796681894_787132_owner,3501176708796681894_787132,787132
3500756804230166641_787132_owner,3500756804230166641_787132,787132
3500572730890634331_787132_owner,3500572730890634331_787132,787132
3500504872711867263_787132_owner,3500504872711867263_787132,787132
3500089525981654637_787132_owner,3500089525981654637_787132,787132
3500001850562753807_787132_owner,3500001850562753807_787132,787132
3499998920483829543_23947096_owner,3499998920483829543_23947096,23947096
3499727111834343538_787132_owner,3499727111834343538_787132,787132
3499198624346530408_787132_owner,3499198624346530408_787132,787132
3499002347771777742_787132_owner,3499002347771777742_787132,787132
3498519150596207655_787132_owner,3498519150596207655_787132,787132
3498398350455825559_787132_owner,3498398350455825559_787132,787132
3498277570388032030_787132_owner,3498277570388032030_787132,787132
3497824567218513519_787132_owner,3497824567218513519_787132,787132
3497733981296910823_787132_owner,3497733981296910823_787132,787132
3497643373495809126_787132_owner,3497643373495809126_787132,787132
3497553079852920018_787132_owner,3497553079852920018_787132,787132
3497009199957264227_787132_owner,3497009199957264227_787132,787132
3496800962247435007_787132_owner,3496800962247435007_787132,787132
3496344857208917144_787132_owner,3496344857208917144_787132,787132
3496194565738772596_787132_owner,3496194565738772596_787132,787132
3496103273812862395_787132_owner,3496103273812862395_787132,787132
3495710639329253982_787132_owner,3495710639329253982_787132,787132
3495589877824934155_1029649300_owner,3495589877824934155_1029649300,1029649300
3494868050128817625_787132_owner,3494868050128817625_787132,787132
3494774472336048424_787132_owner,3494774472336048424_787132,787132
3494170495447125697_787132_owner,3494170495447125697_787132,787132
3494110492589242809_787132_owner,3494110492589242809_787132,787132
3494019509017027955_787132_owner,3494019509017027955_787132,787132
3493445757371732988_787132_owner,3493445757371732988_787132,787132
3474590279575928021_528817151_owner,3474590279575928021_528817151,528817151
3473849089244132918_528817151_owner,3473849089244132918_528817151,528817151
3458645263335343165_528817151_owner,3458645263335343165_528817151,528817151
3501275424072427683_528817151_owner,3501275424072427683_528817151,528817151
3500698889020880745_528817151_owner,3500698889020880745_528817151,528817151
3499966654264431508_528817151_owner,3499966654264431508_528817151,528817151
3496933695799330441_528817151_owner,3496933695799330441_528817151,528817151
3496325625913173032_528817151_owner,3496325625913173032_528817151,528817151
3494755989673416082_528817151_owner,3494755989673416082_528817151,528817151
3494144457845321988_528817151_owner,3494144457845321988_528817151,528817151
3491882486680793701_528817151_owner,3491882486680793701_528817151,528817151
3491229467943579241_528817151_owner,3491229467943579241_528817151,528817151
3490536064557675510_528817151_owner,3490536064557675510_528817151,528817151
3489670850594279112_528817151_owner,3489670850594279112_528817151,528817151
3489037775274287252_528817151_owner,3489037775274287252_528817151,528817151
3486086032081143057_528817151_owner,3486086032081143057_528817151,528817151
3485341701590384051_528817151_owner,3485341701590384051_528817151,528817151
3484700519000467344_528817151_owner,3484700519000467344_528817151,528817151
3484022575827688344_528817151_owner,3484022575827688344_528817151,528817151
3481784593203073421_528817151_owner,3481784593203073421_528817151,528817151
3481104697872834528_528817151_owner,3481104697872834528_528817151,528817151
3480227394204701577_528817151_owner,3480227394204701577_528817151,528817151
3479598183134015961_528817151_owner,3479598183134015961_528817151,528817151
3478984639679746444_528817151_owner,3478984639679746444_528817151,528817151
3476675806642955020_528817151_owner,3476675806642955020_528817151,528817151
3475923994420777306_528817151_owner,3475923994420777306_528817151,528817151
3475270046927148526_528817151_owner,3475270046927148526_528817151,528817151
3471594329400104832_528817151_owner,3471594329400104832_528817151,528817151
3470972783551402950_528817151_owner,3470972783551402950_528817151,528817151
3469541192990480732_528817151_owner,3469541192990480732_528817151,528817151
3468687974282653874_528817151_owner,3468687974282653874_528817151,528817151
3467975870732741181_528817151_owner,3467975870732741181_528817151,528817151
3466404128207799511_528817151_owner,3466404128207799511_528817151,528817151
3500467277953634808_497784956_owner,3500467277953634808_497784956,497784956
3496390365274762438_497784956_owner,3496390365274762438_497784956,497784956
3480885720855271800_497784956_owner,3480885720855271800_497784956,497784956
3471541781207062971_497784956_owner,3471541781207062971_497784956,497784956
3470258127621589436_497784956_owner,3470258127621589436_497784956,497784956
3466392505355683384_497784956_owner,3466392505355683384_497784956,497784956
3465709122941762200_497784956_owner,3465709122941762200_497784956,497784956
3465191269851399784_497784956_owner,3465191269851399784_497784956,497784956
3460809745952667129_497784956_owner,3460809745952667129_497784956,497784956
3452069965984235629_497784956_owner,3452069965984235629_497784956,497784956
3445376839861216947_497784956_owner,3445376839861216947_497784956,497784956
3443444594514571265_374099_owner,3443444594514571265_374099,374099
3437513524545593399_374099_owner,3437513524545593399_374099,374099
3434648718153130245_497784956_owner,3434648718153130245_497784956,497784956
3428686851517976350_497784956_owner,3428686851517976350_497784956,497784956
3422448168326592342_497784956_owner,3422448168326592342_497784956,497784956
3412882945554001375_497784956_owner,3412882945554001375_497784956,497784956
3408477475821305480_497784956_owner,3408477475821305480_497784956,497784956
3404297738178415596_497784956_owner,3404297738178415596_497784956,497784956
3399146542132270952_497784956_owner,3399146542132270952_497784956,497784956
3397761350280603516_374099_owner,3397761350280603516_374099,374099
3394842409896095080_497784956_owner,3394842409896095080_497784956,497784956
3389017820301245762_497784956_owner,3389017820301245762_497784956,497784956
3384563296626897878_497784956_owner,3384563296626897878_497784956,497784956
3369501057452753008_497784956_owner,3369501057452753008_497784956,497784956
3362234235526021753_374099_owner,3362234235526021753_374099,374099
3359189345406433906_497784956_owner,3359189345406433906_497784956,497784956
3355009387512713720_497784956_owner,3355009387512713720_497784956,497784956
3348356297648294908_497784956_owner,3348356297648294908_497784956,497784956
3338949310882252388_374099_owner,3338949310882252388_374099,374099
3324398103444118049_497784956_owner,3324398103444118049_497784956,497784956
3315834731345899976_374099_owner,3315834731345899976_374099,374099
3312898840020791275_497784956_owner,3312898840020791275_497784956,497784956
3501514001797361204_296854237_owner,3501514001797361204_296854237,296854237
3501435569252467263_296854237_owner,3501435569252467263_296854237,296854237
3501061883181737637_296854237_owner,3501061883181737637_296854237,296854237
3500753350700826399_296854237_owner,3500753350700826399_296854237,296854237
3500699574841399193_296854237_owner,3500699574841399193_296854237,296854237
3500343165099052049_296854237_owner,3500343165099052049_296854237,296854237
3500065317768042063_296854237_owner,3500065317768042063_296854237,296854237
3499991502154475209_296854237_owner,3499991502154475209_296854237,296854237
3499631459783949733_296854237_owner,3499631459783949733_296854237,296854237
3499344719622192742_296854237_owner,3499344719622192742_296854237,296854237
3499272723277376408_296854237_owner,3499272723277376408_296854237,296854237
3498889072531367256_296854237_owner,3498889072531367256_296854237,296854237
3498564553523315586_296854237_owner,3498564553523315586_296854237,296854237
3498414492553079792_296854237_owner,3498414492553079792_296854237,296854237
3497853914479040890_296854237_owner,3497853914479040890_296854237,296854237
3497803545368115566_296854237_owner,3497803545368115566_296854237,296854237
3497508972247099994_296854237_owner,3497508972247099994_296854237,296854237
3497196056895603048_296854237_owner,3497196056895603048_296854237,296854237
3497120505696683693_296854237_owner,3497120505696683693_296854237,296854237
3496715260817556754_296854237_owner,3496715260817556754_296854237,296854237
3496405307497675740_296854237_owner,3496405307497675740_296854237,296854237
3496361980253941204_296854237_owner,3496361980253941204_296854237,296854237
3495994494345959676_296854237_owner,3495994494345959676_296854237,296854237
3495702664773511523_296854237_owner,3495702664773511523_296854237,296854237
3495632730014940858_296854237_owner,3495632730014940858_296854237,296854237
3495332166580664746_296854237_owner,3495332166580664746_296854237,296854237
3494910855617493605_296854237_owner,3494910855617493605_296854237,296854237
3494548466249894338_296854237_owner,3494548466249894338_296854237,296854237
3494269130728690981_296854237_owner,3494269130728690981_296854237,296854237
3494182654137800951_296854237_owner,3494182654137800951_296854237,296854237
3493820166641167035_296854237_owner,3493820166641167035_296854237,296854237
3493521456716457448_296854237_owner,3493521456716457448_296854237,296854237
3493438658730520471_296854237_owner,3493438658730520471_296854237,296854237
3488979322692933521_1199889538_owner,3488979322692933521_1199889538,1199889538
3420071890558141999_1199889538_owner,3420071890558141999_1199889538,1199889538
3407140956683341917_1199889538_owner,3407140956683341917_1199889538,1199889538
3405099050082680600_1199889538_owner,3405099050082680600_1199889538,1199889538
3402794627256604379_1199889538_owner,3402794627256604379_1199889538,1199889538
3401461930593348826_1199889538_owner,3401461930593348826_1199889538,1199889538
3400016308533116946_1199889538_owner,3400016308533116946_1199889538,1199889538
3380378879539679671_1199889538_owner,3380378879539679671_1199889538,1199889538
3365869375384307654_1199889538_owner,3365869375384307654_1199889538,1199889538
3364336027366785850_1199889538_owner,3364336027366785850_1199889538,1199889538
3355012412821770400_1199889538_owner,3355012412821770400_1199889538,1199889538
3342042014903771733_1199889538_owner,3342042014903771733_1199889538,1199889538
3338180467379108905_1199889538_owner,3338180467379108905_1199889538,1199889538
3330449372665864909_1199889538_owner,3330449372665864909_1199889538,1199889538
3298321254334550562_1199889538_owner,3298321254334550562_1199889538,1199889538
3292668588191028645_1199889538_owner,3292668588191028645_1199889538,1199889538
3283984970120307527_1199889538_owner,3283984970120307527_1199889538,1199889538
3268051487929856949_1199889538_owner,3268051487929856949_1199889538,1199889538
3264459052062713646_1199889538_owner,3264459052062713646_1199889538,1199889538
3260839347194978419_1199889538_owner,3260839347194978419_1199889538,1199889538
3253572051120458560_1199889538_owner,3253572051120458560_1199889538,1199889538
3240450853261134133_1199889538_owner,3240450853261134133_1199889538,1199889538
3231560608917463140_1199889538_owner,3231560608917463140_1199889538,1199889538
3225285493692227495_1199889538_owner,3225285493692227495_1199889538,1199889538
3223054325357827118_1199889538_owner,3223054325357827118_1199889538,1199889538
3218663599273278993_1199889538_owner,3218663599273278993_1199889538,1199889538
3211931618023472588_1199889538_owner,3211931618023472588_1199889538,1199889538
3170242119364028367_1199889538_owner,3170242119364028367_1199889538,1199889538
3160010745042444741_1199889538_owner,3160010745042444741_1199889538,1199889538
3143908318259783825_1199889538_owner,3143908318259783825_1199889538,1199889538
3140208293465385983_1199889538_owner,3140208293465385983_1199889538,1199889538
3137547885152314576_1199889538_owner,3137547885152314576_1199889538,1199889538
3135135286825439338_1199889538_owner,3135135286825439338_1199889538,1199889538
3321146032547291230_271129514_owner,3321146032547291230_271129514,271129514
3013949516253120855_271129514_owner,3013949516253120855_271129514,271129514
2994883070529602915_271129514_owner,2994883070529602915_271129514,271129514
2782689173322797728_271129514_owner,2782689173322797728_271129514,271129514
2779783018229352669_271129514_owner,2779783018229352669_271129514,271129514
2420910454854167623_271129514_owner,2420910454854167623_271129514,271129514
2396015465527605386_271129514_owner,2396015465527605386_271129514,271129514
2394877745317189528_271129514_owner,2394877745317189528_271129514,271129514
2392656946225133724_271129514_owner,2392656946225133724_271129514,271129514
2254132824076373319_271129514_owner,2254132824076373319_271129514,271129514
2254110450090055302_271129514_owner,2254110450090055302_271129514,271129514
2137676018744279809_271129514_owner,2137676018744279809_271129514,271129514
2059965047544506387_271129514_owner,2059965047544506387_271129514,271129514
2058304513287943258_271129514_owner,2058304513287943258_271129514,271129514
2002100569004405785_271129514_owner,2002100569004405785_271129514,271129514
2001666241971819859_271129514_owner,2001666241971819859_271129514,271129514
2001184792537617911_271129514_owner,2001184792537617911_271129514,271129514
2000464976503649179_271129514_owner,2000464976503649179_271129514,271129514
1765341683991530370_271129514_owner,1765341683991530370_271129514,271129514
1762485640177520802_271129514_owner,1762485640177520802_271129514,271129514
1717078984090821802_271129514_owner,1717078984090821802_271129514,271129514
1613521272518955569_271129514_owner,1613521272518955569_271129514,271129514
1578143338870515120_271129514_owner,1578143338870515120_271129514,271129514
1575580179680739346_271129514_owner,1575580179680739346_271129514,271129514
1574472018232093663_271129514_owner,1574472018232093663_271129514,271129514
1573451247439562078_271129514_owner,1573451247439562078_271129514,271129514
1571857301055666156_271129514_owner,1571857301055666156_271129514,271129514
1569720768399889394_271129514_owner,1569720768399889394_271129514,271129514
1527149973530144259_271129514_owner,1527149973530144259_271129514,271129514
1521130283766843425_271129514_owner,1521130283766843425_271129514,271129514
1503340566044412784_271129514_owner,1503340566044412784_271129514,271129514
1473823481895572468_271129514_owner,1473823481895572468_271129514,271129514
1472880590838709032_271129514_owner,1472880590838709032_271129514,271129514
3501316489808996506_2461212201_owner,3501316489808996506_2461212201,2461212201
3496943498266344942_2461212201_owner,3496943498266344942_2461212201,2461212201
3489173467326672275_2461212201_owner,3489173467326672275_2461212201,2461212201
3483160521928735737_2461212201_owner,3483160521928735737_2461212201,2461212201
3476617471031005066_2461212201_owner,3476617471031005066_2461212201,2461212201
3474630530542837916_2461212201_owner,3474630530542837916_2461212201,2461212201
3467950616510747258_2461212201_owner,3467950616510747258_2461212201,2461212201
3467932943122961962_2461212201_owner,3467932943122961962_2461212201,2461212201
3462998228100201866_2461212201_owner,3462998228100201866_2461212201,2461212201
3445612378559582922_2461212201_owner,3445612378559582922_2461212201,2461212201
3429527615549642566_2461212201_owner,3429527615549642566_2461212201,2461212201
3425926990718942505_2461212201_owner,3425926990718942505_2461212201,2461212201
3423065964205942944_2461212201_owner,3423065964205942944_2461212201,2461212201
3417234170277640133_2461212201_owner,3417234170277640133_2461212201,2461212201
3416555054671063958_2461212201_owner,3416555054671063958_2461212201,2461212201
3415332415054818529_2461212201_owner,3415332415054818529_2461212201,2461212201
3412128837351854472_2461212201_owner,3412128837351854472_2461212201,2461212201
3410049615784400530_2461212201_owner,3410049615784400530_2461212201,2461212201
3407102451990068355_2461212201_owner,3407102451990068355_2461212201,2461212201
3404849824346450847_2461212201_owner,3404849824346450847_2461212201,2461212201
3402108509384882949_2461212201_owner,3402108509384882949_2461212201,2461212201
3399813501478934763_2461212201_owner,3399813501478934763_2461212201,2461212201
3387610473464078093_2461212201_owner,3387610473464078093_2461212201,2461212201
3378205452653879827_2461212201_owner,3378205452653879827_2461212201,2461212201
3370217765053621773_2461212201_owner,3370217765053621773_2461212201,2461212201
3367286617931276671_2461212201_owner,3367286617931276671_2461212201,2461212201
3363747575591065931_2461212201_owner,3363747575591065931_2461212201,2461212201
3362255528497379588_2461212201_owner,3362255528497379588_2461212201,2461212201
3358502150210479260_2461212201_owner,3358502150210479260_2461212201,2461212201
3356281041494821719_2461212201_owner,3356281041494821719_2461212201,2461212201
3353464134589518045_2461212201_owner,3353464134589518045_2461212201,2461212201
3351484794724460863_2461212201_owner,3351484794724460863_2461212201,2461212201
3347960412282643145_2461212201_owner,3347960412282643145_2461212201,2461212201
2714007821786200653_337190239_owner,2714007821786200653_337190239,337190239
3251098766269958474_337190239_owner,3251098766269958474_337190239,337190239
3243821307086438978_337190239_owner,3243821307086438978_337190239,337190239
3499706081108139709_337190239_owner,3499706081108139709_337190239,337190239
3496782290108090998_337190239_owner,3496782290108090998_337190239,337190239
3496036493766816332_337190239_owner,3496036493766816332_337190239,337190239
3495496663840628885_337190239_owner,3495496663840628885_337190239,337190239
3494653243395029205_337190239_owner,3494653243395029205_337190239,337190239
3493337506454875675_337190239_owner,3493337506454875675_337190239,337190239
3492818539900890399_337190239_owner,3492818539900890399_337190239,337190239
3491188503998961683_337190239_owner,3491188503998961683_337190239,337190239
3489769053042240448_337190239_owner,3489769053042240448_337190239,337190239
3488808684791041537_337190239_owner,3488808684791041537_337190239,337190239
3488304709696526552_337190239_owner,3488304709696526552_337190239,337190239
3486167958222853246_337190239_owner,3486167958222853246_337190239,337190239
3484824320067817885_337190239_owner,3484824320067817885_337190239,337190239
3480790284114338804_337190239_owner,3480790284114338804_337190239,337190239
3479397685864059894_337190239_owner,3479397685864059894_337190239,337190239
3475742164363409433_337190239_owner,3475742164363409433_337190239,337190239
3474719608910492334_337190239_owner,3474719608910492334_337190239,337190239
3470661288399855862_1406250255_owner,3470661288399855862_1406250255,1406250255
3469566216065711799_337190239_owner,3469566216065711799_337190239,337190239
3469344037406680537_337190239_owner,3469344037406680537_337190239,337190239
3469294795723736262_337190239_owner,3469294795723736262_337190239,337190239
3466360689796898969_337190239_owner,3466360689796898969_337190239,337190239
3463823294630884828_337190239_owner,3463823294630884828_337190239,337190239
3461502880317163985_337190239_owner,3461502880317163985_337190239,337190239
3460655535293500002_6170238102_owner,3460655535293500002_6170238102,6170238102
3460045652497074312_337190239_owner,3460045652497074312_337190239,337190239
3458314472487828974_337190239_owner,3458314472487828974_337190239,337190239
3456901454579268051_337190239_owner,3456901454579268051_337190239,337190239
3454708936076818571_337190239_owner,3454708936076818571_337190239,337190239
3454043799724646364_337190239_owner,3454043799724646364_337190239,337190239
3491714186956517464_570335168_owner,3491714186956517464_570335168,570335168
3481314920115792712_570335168_owner,3481314920115792712_570335168,570335168
3458125726778429223_570335168_owner,3458125726778429223_570335168,570335168
3455506644572551638_570335168_owner,3455506644572551638_570335168,570335168
3396539983244626974_570335168_owner,3396539983244626974_570335168,570335168
3392589776958536935_570335168_owner,3392589776958536935_570335168,570335168
3371198606877591663_570335168_owner,3371198606877591663_570335168,570335168
3365868219520406934_570335168_owner,3365868219520406934_570335168,570335168
3299127520200119874_570335168_owner,3299127520200119874_570335168,570335168
3265141413503330062_570335168_owner,3265141413503330062_570335168,570335168
3262906445599356058_570335168_owner,3262906445599356058_570335168,570335168
3241002533303213633_570335168_owner,3241002533303213633_570335168,570335168
3227939701716369663_570335168_owner,3227939701716369663_570335168,570335168
3219618446554547498_570335168_owner,3219618446554547498_570335168,570335168
3211390026222867333_570335168_owner,3211390026222867333_570335168,570335168
3188178176707066018_570335168_owner,3188178176707066018_570335168,570335168
3167518621395674975_570335168_owner,3167518621395674975_570335168,570335168
3148931072787442085_570335168_owner,3148931072787442085_570335168,570335168
3139886712510932430_570335168_owner,3139886712510932430_570335168,570335168
3137522153776799367_570335168_owner,3137522153776799367_570335168,570335168
3123857774396455282_570335168_owner,3123857774396455282_570335168,570335168
3117814448210830536_570335168_owner,3117814448210830536_570335168,570335168
3113414878437482430_570335168_owner,3113414878437482430_570335168,570335168
3101302672021119887_570335168_owner,3101302672021119887_570335168,570335168
3096789347621166324_570335168_owner,3096789347621166324_570335168,570335168
3091758274394914650_570335168_owner,3091758274394914650_570335168,570335168
3091756481682247359_570335168_owner,3091756481682247359_570335168,570335168
3090510476866259950_570335168_owner,3090510476866259950_570335168,570335168
3083437581094415693_570335168_owner,3083437581094415693_570335168,570335168
3077332068842011401_570335168_owner,3077332068842011401_570335168,570335168
3074399191215457036_570335168_owner,3074399191215457036_570335168,570335168
3051162830480286347_570335168_owner,3051162830480286347_570335168,570335168
3041794617683857740_570335168_owner,3041794617683857740_570335168,570335168
1182129414934527318_2928483486_owner,1182129414934527318_2928483486,2928483486
1182107240001601242_2928483486_owner,1182107240001601242_2928483486,2928483486
3498534297862891560_1279644326_owner,3498534297862891560_1279644326,1279644326
3491419947368757573_1279644326_owner,3491419947368757573_1279644326,1279644326
3487632220290693036_1279644326_owner,3487632220290693036_1279644326,1279644326
3486865526827877851_1279644326_owner,3486865526827877851_1279644326,1279644326
3483958245194734720_1279644326_owner,3483958245194734720_1279644326,1279644326
3475221313283464279_1279644326_owner,3475221313283464279_1279644326,1279644326
3470939472129046098_1279644326_owner,3470939472129046098_1279644326,1279644326
3466428633611099111_1279644326_owner,3466428633611099111_1279644326,1279644326
3463577594625124589_1279644326_owner,3463577594625124589_1279644326,1279644326
3460748137138462467_1279644326_owner,3460748137138462467_1279644326,1279644326
3457895498243382238_1279644326_owner,3457895498243382238_1279644326,1279644326
3447780665332864224_1279644326_owner,3447780665332864224_1279644326,1279644326
3445605609664173186_1279644326_owner,3445605609664173186_1279644326,1279644326
3440510926311181777_1279644326_owner,3440510926311181777_1279644326,1279644326
3433848077971192587_1279644326_owner,3433848077971192587_1279644326,1279644326
3415124694783417605_1279644326_owner,3415124694783417605_1279644326,1279644326
3413698028097909905_1279644326_owner,3413698028097909905_1279644326,1279644326
3405016400096414165_1279644326_owner,3405016400096414165_1279644326,1279644326
3402137942274342221_1279644326_owner,3402137942274342221_1279644326,1279644326
3395426643037165496_1279644326_owner,3395426643037165496_1279644326,1279644326
3391911628422394739_1279644326_owner,3391911628422394739_1279644326,1279644326
3389780022521969267_1279644326_owner,3389780022521969267_1279644326,1279644326
3382549075728697320_1279644326_owner,3382549075728697320_1279644326,1279644326
3378064290624854382_1279644326_owner,3378064290624854382_1279644326,1279644326
3376053518596182334_1279644326_owner,3376053518596182334_1279644326,1279644326
3368710494967894778_1279644326_owner,3368710494967894778_1279644326,1279644326
3363483351878076591_1279644326_owner,3363483351878076591_1279644326,1279644326
3361368904405435279_1279644326_owner,3361368904405435279_1279644326,1279644326
3356960279348003907_1279644326_owner,3356960279348003907_1279644326,1279644326
3355741476328911552_1279644326_owner,3355741476328911552_1279644326,1279644326
3354054638375685039_1279644326_owner,3354054638375685039_1279644326,1279644326
3352814708036117007_1279644326_owner,3352814708036117007_1279644326,1279644326
3349650178867128837_1279644326_owner,3349650178867128837_1279644326,1279644326
1072280666010621555_2186116348_owner,1072280666010621555_2186116348,2186116348
1072273360103478737_2186116348_owner,1072273360103478737_2186116348,2186116348
1072005320505890516_2186116348_owner,1072005320505890516_2186116348,2186116348
1071753433919592035_2186116348_owner,1071753433919592035_2186116348,2186116348
2515273118346691371_32806620492_owner,2515273118346691371_32806620492,32806620492
2480472349408114739_32806620492_owner,2480472349408114739_32806620492,32806620492
2466808490709283893_32806620492_owner,2466808490709283893_32806620492,32806620492
2440801556806174661_32806620492_owner,2440801556806174661_32806620492,32806620492
2440598011829829740_32806620492_owner,2440598011829829740_32806620492,32806620492
2438398479260048390_32806620492_owner,2438398479260048390_32806620492,32806620492
2438169371234038682_32806620492_owner,2438169371234038682_32806620492,32806620492
2433464954438097915_32806620492_owner,2433464954438097915_32806620492,32806620492
2432994184742305382_32806620492_owner,2432994184742305382_32806620492,32806620492
2430651297782145209_32806620492_owner,2430651297782145209_32806620492,32806620492
2419750635166806652_32806620492_owner,2419750635166806652_32806620492,32806620492
2389211115363279351_32806620492_owner,2389211115363279351_32806620492,32806620492
2385952682581340419_32806620492_owner,2385952682581340419_32806620492,32806620492
2385358099338153469_32806620492_owner,2385358099338153469_32806620492,32806620492
2384893642531013072_32806620492_owner,2384893642531013072_32806620492,32806620492
2378339880261808591_32806620492_owner,2378339880261808591_32806620492,32806620492
2376201290727704718_32806620492_owner,2376201290727704718_32806620492,32806620492
2374899702591426718_32806620492_owner,2374899702591426718_32806620492,32806620492
2372475015747872125_32806620492_owner,2372475015747872125_32806620492,32806620492
2371812561527350743_32806620492_owner,2371812561527350743_32806620492,32806620492
2369707431793461103_32806620492_owner,2369707431793461103_32806620492,32806620492
2366800494294542688_32806620492_owner,2366800494294542688_32806620492,32806620492
2366664789501244445_32806620492_owner,2366664789501244445_32806620492,32806620492
2366366703050786078_32806620492_owner,2366366703050786078_32806620492,32806620492
2365415186197972963_32806620492_owner,2365415186197972963_32806620492,32806620492
2364713994660672691_32806620492_owner,2364713994660672691_32806620492,32806620492
2364117436722404863_32806620492_owner,2364117436722404863_32806620492,32806620492
2364115072267419664_32806620492_owner,2364115072267419664_32806620492,32806620492
2364009616635305843_32806620492_owner,2364009616635305843_32806620492,32806620492
2363424531091529873_32806620492_owner,2363424531091529873_32806620492,32806620492
2362686310879463266_32806620492_owner,2362686310879463266_32806620492,32806620492
2346504889261618805_32806620492_owner,2346504889261618805_32806620492,32806620492
2344561756760100457_32806620492_owner,2344561756760100457_32806620492,32806620492
2966349072759365463_45068712916_owner,2966349072759365463_45068712916,45068712916
2950218949383440994_45068712916_owner,2950218949383440994_45068712916,45068712916
2945183274930088230_45068712916_owner,2945183274930088230_45068712916,45068712916
2942942827629403674_45068712916_owner,2942942827629403674_45068712916,45068712916
2940045869252283486_45068712916_owner,2940045869252283486_45068712916,45068712916
2934952255035634341_45068712916_owner,2934952255035634341_45068712916,45068712916
2934422150089672334_45068712916_owner,2934422150089672334_45068712916,45068712916
2929941805713796847_45068712916_owner,2929941805713796847_45068712916,45068712916
2924246816476339290_45068712916_owner,2924246816476339290_45068712916,45068712916
2919798581158427497_45068712916_owner,2919798581158427497_45068712916,45068712916
2917545169062596877_45068712916_owner,2917545169062596877_45068712916,45068712916
2916184344242633591_45068712916_owner,2916184344242633591_45068712916,45068712916
2914712292310629300_45068712916_owner,2914712292310629300_45068712916,45068712916
2909616349634623895_45068712916_owner,2909616349634623895_45068712916,45068712916
2904506094072324711_45068712916_owner,2904506094072324711_45068712916,45068712916
2898748897199626853_45068712916_owner,2898748897199626853_45068712916,45068712916
2895344252833817446_45068712916_owner,2895344252833817446_45068712916,45068712916
2888535628086030984_45068712916_owner,2888535628086030984_45068712916,45068712916
2885061972865500384_45068712916_owner,2885061972865500384_45068712916,45068712916
2882819974485972599_45068712916_owner,2882819974485972599_45068712916,45068712916
2879847017031609819_45068712916_owner,2879847017031609819_45068712916,45068712916
2878429679962871943_45068712916_owner,2878429679962871943_45068712916,45068712916
2874075472669516889_45068712916_owner,2874075472669516889_45068712916,45068712916
2868988295761803085_45068712916_owner,2868988295761803085_45068712916,45068712916
2863927759647013572_45068712916_owner,2863927759647013572_45068712916,45068712916
2861209700716934151_45068712916_owner,2861209700716934151_45068712916,45068712916
2856767279754041704_45068712916_owner,2856767279754041704_45068712916,45068712916
2853826137706623523_45068712916_owner,2853826137706623523_45068712916,45068712916
2849414186557682307_45068712916_owner,2849414186557682307_45068712916,45068712916
2844609574967716592_45068712916_owner,2844609574967716592_45068712916,45068712916
2843715616793847432_45068712916_owner,2843715616793847432_45068712916,45068712916
2838618801710915514_45068712916_owner,2838618801710915514_45068712916,45068712916
2833499571327892782_45068712916_owner,2833499571327892782_45068712916,45068712916
3268005441770566514_1525639991_owner,3268005441770566514_1525639991,1525639991
3202731155543910832_1525639991_owner,3202731155543910832_1525639991,1525639991
3072178639638967313_1525639991_owner,3072178639638967313_1525639991,1525639991
3501481343453528677_1525639991_owner,3501481343453528677_1525639991,1525639991
3501478807230282780_1525639991_owner,3501478807230282780_1525639991,1525639991
3501468928423389457_1525639991_owner,3501468928423389457_1525639991,1525639991
3501428354228934455_1991212996_owner,3501428354228934455_1991212996,1991212996
3501402386755080352_1525639991_owner,3501402386755080352_1525639991,1525639991
3501324690889002536_1525639991_owner,3501324690889002536_1525639991,1525639991
3500843520904477555_1525639991_owner,3500843520904477555_1525639991,1525639991
3500812370219352524_1525639991_owner,3500812370219352524_1525639991,1525639991
3500754046424530490_1525639991_owner,3500754046424530490_1525639991,1525639991
3500702947774163116_1525639991_owner,3500702947774163116_1525639991,1525639991
3500076582889196031_7863651643_owner,3500076582889196031_7863651643,7863651643
3500041029686265195_1525639991_owner,3500041029686265195_1525639991,1525639991
3500029195071255992_1525639991_owner,3500029195071255992_1525639991,1525639991
3499972351380705255_1525639991_owner,3499972351380705255_1525639991,1525639991
3499968963742687342_1991212996_owner,3499968963742687342_1991212996,1991212996
3499776483163370627_1525639991_owner,3499776483163370627_1525639991,1525639991
3499709374760610569_1525639991_owner,3499709374760610569_1525639991,1525639991
3499352955095300411_1525639991_owner,3499352955095300411_1525639991,1525639991
3499352955347572595_1525639991_owner,3499352955347572595_1525639991,1525639991
3499252004624922549_1525639991_owner,3499252004624922549_1525639991,1525639991
3499183921902260237_1525639991_owner,3499183921902260237_1525639991,1525639991
3499116417616058403_1525639991_owner,3499116417616058403_1525639991,1525639991
3499036235316261349_1525639991_owner,3499036235316261349_1525639991,1525639991
3499003078754243900_1525639991_owner,3499003078754243900_1525639991,1525639991
3498655043496013894_1525639991_owner,3498655043496013894_1525639991,1525639991
3498625505546443737_1525639991_owner,3498625505546443737_1525639991,1525639991
3498577159817977153_1525639991_owner,3498577159817977153_1525639991,1525639991
3498518496327658896_1525639991_owner,3498518496327658896_1525639991,1525639991
3498456582075648018_1525639991_owner,3498456582075648018_1525639991,1525639991
3498422416542378302_7863651643_owner,3498422416542378302_7863651643,7863651643
3501395623297146271_305587355_owner,3501395623297146271_305587355,305587355
3500784338927097296_305587355_owner,3500784338927097296_305587355,305587355
3500326046760515163_305587355_owner,3500326046760515163_305587355,305587355
3500054251943745451_305587355_owner,3500054251943745451_305587355,305587355
3499958687522056216_305587355_owner,3499958687522056216_305587355,305587355
3499303685195418658_305587355_owner,3499303685195418658_305587355,305587355
3499183574697670785_305587355_owner,3499183574697670785_305587355,305587355
3498524277379876392_305587355_owner,3498524277379876392_305587355,305587355
3498275019840205115_305587355_owner,3498275019840205115_305587355,305587355
3497766684565245932_305587355_owner,3497766684565245932_305587355,305587355
3497525103190940657_305587355_owner,3497525103190940657_305587355,305587355
3496951305845156613_305587355_owner,3496951305845156613_305587355,305587355
3494542928787211128_305587355_owner,3494542928787211128_305587355,305587355
3494229245231339337_305587355_owner,3494229245231339337_305587355,305587355
3494112617993204796_305587355_owner,3494112617993204796_305587355,305587355
3493508705443641172_305587355_owner,3493508705443641172_305587355,305587355
3493216806531159803_305587355_owner,3493216806531159803_305587355,305587355
3492665588297375989_305587355_owner,3492665588297375989_305587355,305587355
3492388753068263343_305587355_owner,3492388753068263343_305587355,305587355
3491849225810383538_305587355_owner,3491849225810383538_305587355,305587355
3491747433667628979_305587355_owner,3491747433667628979_305587355,305587355
3491208467064969209_305587355_owner,3491208467064969209_305587355,305587355
3490916616923026019_305587355_owner,3490916616923026019_305587355,305587355
3490612059684472528_305587355_owner,3490612059684472528_305587355,305587355
3489882225018762400_305587355_owner,3489882225018762400_305587355,305587355
3489786712379918928_305587355_owner,3489786712379918928_305587355,305587355
3489159391092467657_305587355_owner,3489159391092467657_305587355,305587355
3489008966556350994_305587355_owner,3489008966556350994_305587355,305587355
3488367315152499432_305587355_owner,3488367315152499432_305587355,305587355
3488113078388127461_305587355_owner,3488113078388127461_305587355,305587355
3487587143860565752_305587355_owner,3487587143860565752_305587355,305587355
3487297691194755913_305587355_owner,3487297691194755913_305587355,305587355
3486781790225830213_305587355_owner,3486781790225830213_305587355,305587355
3447339422540175354_2035545178_owner,3447339422540175354_2035545178,2035545178
3493058145296849308_2035545178_owner,3493058145296849308_2035545178,2035545178
3489436787140740198_2035545178_owner,3489436787140740198_2035545178,2035545178
3487261457986786237_2035545178_owner,3487261457986786237_2035545178,2035545178
3484363391826716331_2035545178_owner,3484363391826716331_2035545178,2035545178
3478568730449283986_2035545178_owner,3478568730449283986_2035545178,2035545178
3474926668755553258_2035545178_owner,3474926668755553258_2035545178,2035545178
3471678771989789566_2035545178_owner,3471678771989789566_2035545178,2035545178
3471313863473304746_2035545178_owner,3471313863473304746_2035545178,2035545178
3470596763897235807_2035545178_owner,3470596763897235807_2035545178,2035545178
3469142591486229483_2035545178_owner,3469142591486229483_2035545178,2035545178
3468422962434563980_2035545178_owner,3468422962434563980_2035545178,2035545178
3467692643536091224_2035545178_owner,3467692643536091224_2035545178,2035545178
3466967221496262384_2035545178_owner,3466967221496262384_2035545178,2035545178
3466240441676224322_2035545178_owner,3466240441676224322_2035545178,2035545178
3465507607723521749_2035545178_owner,3465507607723521749_2035545178,2035545178
3464779882858814346_2035545178_owner,3464779882858814346_2035545178,2035545178
3464064610758601862_2035545178_owner,3464064610758601862_2035545178,2035545178
3463334792323897822_2035545178_owner,3463334792323897822_2035545178,2035545178
3462610513894128595_2035545178_owner,3462610513894128595_2035545178,2035545178
3461880710249814454_2035545178_owner,3461880710249814454_2035545178,2035545178
3461102614906775931_2035545178_owner,3461102614906775931_2035545178,2035545178
3460844773677335807_10485911912_owner,3460844773677335807_10485911912,10485911912
3460434178216501726_2035545178_owner,3460434178216501726_2035545178,2035545178
3459718582633575745_2035545178_owner,3459718582633575745_2035545178,2035545178
3458982621650496641_2035545178_owner,3458982621650496641_2035545178,2035545178
3457901546471500620_2035545178_owner,3457901546471500620_2035545178,2035545178
3457539600391900399_2035545178_owner,3457539600391900399_2035545178,2035545178
3456707128875872758_2035545178_owner,3456707128875872758_2035545178,2035545178
3456085521648237253_2035545178_owner,3456085521648237253_2035545178,2035545178
3455370343172308057_2035545178_owner,3455370343172308057_2035545178,2035545178
3454636975543669555_2035545178_owner,3454636975543669555_2035545178,2035545178
3453910267773498923_2035545178_owner,3453910267773498923_2035545178,2035545178
3400733251872629033_1770755588_owner,3400733251872629033_1770755588,1770755588
3398296280784999190_1770755588_owner,3398296280784999190_1770755588,1770755588
3393473451833019009_1770755588_owner,3393473451833019009_1770755588,1770755588
3390551286720592964_1770755588_owner,3390551286720592964_1770755588,1770755588
3389108095937149474_1770755588_owner,3389108095937149474_1770755588,1770755588
3388379783073724125_1770755588_owner,3388379783073724125_1770755588,1770755588
3387642006073915509_1770755588_owner,3387642006073915509_1770755588,1770755588
3387569457162736402_1770755588_owner,3387569457162736402_1770755588,1770755588
3386256387179116383_1770755588_owner,3386256387179116383_1770755588,1770755588
3384072594464820728_1770755588_owner,3384072594464820728_1770755588,1770755588
3383856765974685488_1770755588_owner,3383856765974685488_1770755588,1770755588
3382598660397733164_1770755588_owner,3382598660397733164_1770755588,1770755588
3375106631510131449_1770755588_owner,3375106631510131449_1770755588,1770755588
3344040901213853526_1770755588_owner,3344040901213853526_1770755588,1770755588
3314565080795129150_1770755588_owner,3314565080795129150_1770755588,1770755588
3301349643710451263_1770755588_owner,3301349643710451263_1770755588,1770755588
3300646410067227599_1770755588_owner,3300646410067227599_1770755588,1770755588
3299856032837873497_1770755588_owner,3299856032837873497_1770755588,1770755588
3297759336892940115_1770755588_owner,3297759336892940115_1770755588,1770755588
3296985082869968309_1770755588_owner,3296985082869968309_1770755588,1770755588
3293445817057829485_1770755588_owner,3293445817057829485_1770755588,1770755588
3292748305527136234_1770755588_owner,3292748305527136234_1770755588,1770755588
3291936839748361066_1770755588_owner,3291936839748361066_1770755588,1770755588
3291248231416756412_1770755588_owner,3291248231416756412_1770755588,1770755588
3287710719762839031_1770755588_owner,3287710719762839031_1770755588,1770755588
3286852743405943363_1770755588_owner,3286852743405943363_1770755588,1770755588
3273951750389169818_1770755588_owner,3273951750389169818_1770755588,1770755588
3244597159692753909_1770755588_owner,3244597159692753909_1770755588,1770755588
3243514017854782724_1770755588_owner,3243514017854782724_1770755588,1770755588
3242863209857114152_1770755588_owner,3242863209857114152_1770755588,1770755588
3241224947766089204_1770755588_owner,3241224947766089204_1770755588,1770755588
3240891785961469757_1770755588_owner,3240891785961469757_1770755588,1770755588
3226047248353249806_1770755588_owner,3226047248353249806_1770755588,1770755588
3500579712293658368_1600574683_owner,3500579712293658368_1600574683,1600574683
3499063855654766136_1600574683_owner,3499063855654766136_1600574683,1600574683
3496801318724806163_1600574683_owner,3496801318724806163_1600574683,1600574683
3495550128574324078_1600574683_owner,3495550128574324078_1600574683,1600574683
3494359723065058923_1600574683_owner,3494359723065058923_1600574683,1600574683
3491727886894966360_1600574683_owner,3491727886894966360_1600574683,1600574683
3490332787002013400_1600574683_owner,3490332787002013400_1600574683,1600574683
3489668372968544188_1600574683_owner,3489668372968544188_1600574683,1600574683
3488833807219723541_1600574683_owner,3488833807219723541_1600574683,1600574683
3486894044380664312_1600574683_owner,3486894044380664312_1600574683,1600574683
3486015868478204704_1600574683_owner,3486015868478204704_1600574683,1600574683
3485445507839318072_1600574683_owner,3485445507839318072_1600574683,1600574683
3484737346665250482_1600574683_owner,3484737346665250482_1600574683,1600574683
3483829865468438630_1600574683_owner,3483829865468438630_1600574683,1600574683
3481702348352620527_1600574683_owner,3481702348352620527_1600574683,1600574683
3480255521208031225_1600574683_owner,3480255521208031225_1600574683,1600574683
3479523468022956503_1600574683_owner,3479523468022956503_1600574683,1600574683
3478964910443467287_1600574683_owner,3478964910443467287_1600574683,1600574683
3476627886442969192_1600574683_owner,3476627886442969192_1600574683,1600574683
3475132133614513489_1600574683_owner,3475132133614513489_1600574683,1600574683
3474547674567692579_1600574683_owner,3474547674567692579_1600574683,1600574683
3473657428115707793_1600574683_owner,3473657428115707793_1600574683,1600574683
3471546585134367004_1600574683_owner,3471546585134367004_1600574683,1600574683
3470799119625504726_1600574683_owner,3470799119625504726_1600574683,1600574683
3470059607538114426_1600574683_owner,3470059607538114426_1600574683,1600574683
3469352125205980909_1600574683_owner,3469352125205980909_1600574683,1600574683
3468624767729697795_1600574683_owner,3468624767729697795_1600574683,1600574683
3466432740700007200_1600574683_owner,3466432740700007200_1600574683,1600574683
3465707967426755873_1600574683_owner,3465707967426755873_1600574683,1600574683
3464991181081397950_1600574683_owner,3464991181081397950_1600574683,1600574683
3464296644754032555_1600574683_owner,3464296644754032555_1600574683,1600574683
3463589992778218492_1600574683_owner,3463589992778218492_1600574683,1600574683
3461371920370624521_1600574683_owner,3461371920370624521_1600574683,1600574683
3491795191860773900_5896342883_owner,3491795191860773900_5896342883,5896342883
3464413641821368678_5896342883_owner,3464413641821368678_5896342883,5896342883
2516519601974812816_5896342883_owner,2516519601974812816_5896342883,5896342883
3495667940238497768_5896342883_owner,3495667940238497768_5896342883,5896342883
3495331136295767165_5896342883_owner,3495331136295767165_5896342883,5896342883
3470215990418356918_5896342883_owner,3470215990418356918_5896342883,5896342883
3465043531423203956_1725774238_owner,3465043531423203956_1725774238,1725774238
3464827369980988041_6415272350_owner,3464827369980988041_6415272350,6415272350
3463699823347651884_17927018496_owner,3463699823347651884_17927018496,17927018496
3460678446915252970_17927018496_owner,3460678446915252970_17927018496,17927018496
3459843211612912492_1579754256_owner,3459843211612912492_1579754256,1579754256
3450482320408760607_17927018496_owner,3450482320408760607_17927018496,17927018496
3445542240695809238_17927018496_owner,3445542240695809238_17927018496,17927018496
3435542376191618793_17927018496_owner,3435542376191618793_17927018496,17927018496
3434774125183708745_5896342883_owner,3434774125183708745_5896342883,5896342883
3428299959084688636_17927018496_owner,3428299959084688636_17927018496,17927018496
3418828333792972764_5896342883_owner,3418828333792972764_5896342883,5896342883
3404945445209140157_5896342883_owner,3404945445209140157_5896342883,5896342883
3359866638428721245_5896342883_owner,3359866638428721245_5896342883,5896342883
3354012377946719283_7327794192_owner,3354012377946719283_7327794192,7327794192
3349271946095718683_23509190_owner,3349271946095718683_23509190,23509190
3346104494865046894_7327794192_owner,3346104494865046894_7327794192,7327794192
3318832453774653971_5896342883_owner,3318832453774653971_5896342883,5896342883
3299770895705314801_5896342883_owner,3299770895705314801_5896342883,5896342883
3290491798488992881_5896342883_owner,3290491798488992881_5896342883,5896342883
3286571501338902904_5896342883_owner,3286571501338902904_5896342883,5896342883
3284437165600742462_9021637651_owner,3284437165600742462_9021637651,9021637651
3281554957558111292_9021637651_owner,3281554957558111292_9021637651,9021637651
3279504075091540558_9021637651_owner,3279504075091540558_9021637651,9021637651
3252879292056777526_5896342883_owner,3252879292056777526_5896342883,5896342883
3217361861393822339_5896342883_owner,3217361861393822339_5896342883,5896342883
3216549810526245233_5896342883_owner,3216549810526245233_5896342883,5896342883
3215749841938792985_5896342883_owner,3215749841938792985_5896342883,5896342883
3318858779718044297_1580787509_owner,3318858779718044297_1580787509,1580787509
3302199726546876444_1580787509_owner,3302199726546876444_1580787509,1580787509
3499994497994262803_1580787509_owner,3499994497994262803_1580787509,1580787509
3498627590510720764_1580787509_owner,3498627590510720764_1580787509,1580787509
3498406695930322328_1580787509_owner,3498406695930322328_1580787509,1580787509
3495710538296786167_1580787509_owner,3495710538296786167_1580787509,1580787509
3494199990925324637_1580787509_owner,3494199990925324637_1580787509,1580787509
3492022308892495893_1580787509_owner,3492022308892495893_1580787509,1580787509
3491290600773587257_1580787509_owner,3491290600773587257_1580787509,1580787509
3490561397660932526_1580787509_owner,3490561397660932526_1580787509,1580787509
3489922943356997204_1580787509_owner,3489922943356997204_1580787509,1580787509
3488349462601313366_1580787509_owner,3488349462601313366_1580787509,1580787509
3487007017145751800_1580787509_owner,3487007017145751800_1580787509,1580787509
3486208314483023499_1580787509_owner,3486208314483023499_1580787509,1580787509
3485514099172300623_1580787509_owner,3485514099172300623_1580787509,1580787509
3485170423120161070_1580787509_owner,3485170423120161070_1580787509,1580787509
3484813097469181438_1580787509_owner,3484813097469181438_1580787509,1580787509
3484116556232085900_1580787509_owner,3484116556232085900_1580787509,1580787509
3483273900773985007_1580787509_owner,3483273900773985007_1580787509,1580787509
3482557135563553679_1580787509_owner,3482557135563553679_1580787509,1580787509
3481115037228559702_1580787509_owner,3481115037228559702_1580787509,1580787509
3480467619797347994_1580787509_owner,3480467619797347994_1580787509,1580787509
3479789291259288088_1580787509_owner,3479789291259288088_1580787509,1580787509
3479714341144902944_1580787509_owner,3479714341144902944_1580787509,1580787509
3479002278021967089_1580787509_owner,3479002278021967089_1580787509,1580787509
3478816717642629696_1580787509_owner,3478816717642629696_1580787509,1580787509
3478328750553456778_1580787509_owner,3478328750553456778_1580787509,1580787509
3477580058011843998_1580787509_owner,3477580058011843998_1580787509,1580787509
3476911527251329578_1580787509_owner,3476911527251329578_1580787509,1580787509
3476526032275885133_1580787509_owner,3476526032275885133_1580787509,1580787509
3476079270785683284_1580787509_owner,3476079270785683284_1580787509,1580787509
3475284133432122871_1580787509_owner,3475284133432122871_1580787509,1580787509
3474591400161900619_1580787509_owner,3474591400161900619_1580787509,1580787509
2724455524500241154_1931789699_owner,2724455524500241154_1931789699,1931789699
3494171836525346987_1931789699_owner,3494171836525346987_1931789699,1931789699
3492033286426209980_1931789699_owner,3492033286426209980_1931789699,1931789699
3463717488498671942_1931789699_owner,3463717488498671942_1931789699,1931789699
3458611407686654178_1931789699_owner,3458611407686654178_1931789699,1931789699
3449946777330326244_1931789699_owner,3449946777330326244_1931789699,1931789699
3446963937650938655_1931789699_owner,3446963937650938655_1931789699,1931789699
3434156764529363048_1931789699_owner,3434156764529363048_1931789699,1931789699
3434104490423706201_1931789699_owner,3434104490423706201_1931789699,1931789699
3433351781408030733_1931789699_owner,3433351781408030733_1931789699,1931789699
3427355248329762805_1931789699_owner,3427355248329762805_1931789699,1931789699
3425370350450879773_1931789699_owner,3425370350450879773_1931789699,1931789699
3423259918277683231_1931789699_owner,3423259918277683231_1931789699,1931789699
3373848406572625590_1931789699_owner,3373848406572625590_1931789699,1931789699
3368748132346385671_1931789699_owner,3368748132346385671_1931789699,1931789699
3365251215052944048_1931789699_owner,3365251215052944048_1931789699,1931789699
3354284324117323819_1931789699_owner,3354284324117323819_1931789699,1931789699
3344854667284067731_1931789699_owner,3344854667284067731_1931789699,1931789699
3327469777198602146_1931789699_owner,3327469777198602146_1931789699,1931789699
3313693416059372153_1931789699_owner,3313693416059372153_1931789699,1931789699
3312998158470946049_1931789699_owner,3312998158470946049_1931789699,1931789699
3297022031341968132_1931789699_owner,3297022031341968132_1931789699,1931789699
3287743433102191913_1931789699_owner,3287743433102191913_1931789699,1931789699
3255721401191819316_1931789699_owner,3255721401191819316_1931789699,1931789699
3226108365888147136_1931789699_owner,3226108365888147136_1931789699,1931789699
3215092292184856241_1931789699_owner,3215092292184856241_1931789699,1931789699
3207842978425236792_1931789699_owner,3207842978425236792_1931789699,1931789699
3205725448515247469_1931789699_owner,3205725448515247469_1931789699,1931789699
3174536674772551406_1931789699_owner,3174536674772551406_1931789699,1931789699
3172340241994837048_1931789699_owner,3172340241994837048_1931789699,1931789699
3171608568151842665_1931789699_owner,3171608568151842665_1931789699,1931789699
3170847011645960982_1931789699_owner,3170847011645960982_1931789699,1931789699
3166577605485751921_1931789699_owner,3166577605485751921_1931789699,1931789699
3450022615782665462_241291909_owner,3450022615782665462_241291909,241291909
3420332354063663381_241291909_owner,3420332354063663381_241291909,241291909
3500794781708486520_241291909_owner,3500794781708486520_241291909,241291909
3498368774288463322_241291909_owner,3498368774288463322_241291909,241291909
3497187487061493692_241291909_owner,3497187487061493692_241291909,241291909
3492720525150363342_241291909_owner,3492720525150363342_241291909,241291909
3489280539016762452_241291909_owner,3489280539016762452_241291909,241291909
3486957068094271218_241291909_owner,3486957068094271218_241291909,241291909
3484807753330410203_241291909_owner,3484807753330410203_241291909,241291909
3484057308106383055_241291909_owner,3484057308106383055_241291909,241291909
3479771455486067691_241291909_owner,3479771455486067691_241291909,241291909
3478083557447617637_241291909_owner,3478083557447617637_241291909,241291909
3477658274330169351_241291909_owner,3477658274330169351_241291909,241291909
3473956003782427597_241291909_owner,3473956003782427597_241291909,241291909
3473086278992673081_241291909_owner,3473086278992673081_241291909,241291909
3471818270036685267_241291909_owner,3471818270036685267_241291909,241291909
3470352030109609455_241291909_owner,3470352030109609455_241291909,241291909
3466005547650426376_241291909_owner,3466005547650426376_241291909,241291909
3465255414542174666_241291909_owner,3465255414542174666_241291909,241291909
3461626120947381568_241291909_owner,3461626120947381568_241291909,241291909
3455936585940687454_241291909_owner,3455936585940687454_241291909,241291909
3455066387952409475_241291909_owner,3455066387952409475_241291909,241291909
3452037672074816275_241291909_owner,3452037672074816275_241291909,241291909
3439079369690649692_241291909_owner,3439079369690649692_241291909,241291909
3430501036215512579_241291909_owner,3430501036215512579_241291909,241291909
3424633649525116669_241291909_owner,3424633649525116669_241291909,241291909
3424020130649472769_241291909_owner,3424020130649472769_241291909,241291909
3423624657476445123_241291909_owner,3423624657476445123_241291909,241291909
3419908335288556163_241291909_owner,3419908335288556163_241291909,241291909
3418878179061186564_241291909_owner,3418878179061186564_241291909,241291909
3418114177418849448_241291909_owner,3418114177418849448_241291909,241291909
3417405562315634436_241291909_owner,3417405562315634436_241291909,241291909
3414920906167232450_241291909_owner,3414920906167232450_241291909,241291909
3323187723903992349_364338864_owner,3323187723903992349_364338864,364338864
3245615978666177123_364338864_owner,3245615978666177123_364338864,364338864
3408557492479222822_364338864_owner,3408557492479222822_364338864,364338864
3500058587512281611_364338864_owner,3500058587512281611_364338864,364338864
3499332469301814318_364338864_owner,3499332469301814318_364338864,364338864
3497855660928401347_364338864_owner,3497855660928401347_364338864,364338864
3496409356083815853_364338864_owner,3496409356083815853_364338864,364338864
3494253335055909805_364338864_owner,3494253335055909805_364338864,364338864
3493478266289469416_364338864_owner,3493478266289469416_364338864,364338864
3493306952517721893_364338864_owner,3493306952517721893_364338864,364338864
3492539974060592103_364338864_owner,3492539974060592103_364338864,364338864
3492036982102207536_364338864_owner,3492036982102207536_364338864,364338864
3490593228409523616_364338864_owner,3490593228409523616_364338864,364338864
3489856460399653335_364338864_owner,3489856460399653335_364338864,364338864
3489132721449998087_364338864_owner,3489132721449998087_364338864,364338864
3485502885556937797_364338864_owner,3485502885556937797_364338864,364338864
3484778167036134649_364338864_owner,3484778167036134649_364338864,364338864
3484034644594693154_364338864_owner,3484034644594693154_364338864,364338864
3482580525846765036_364338864_owner,3482580525846765036_364338864,364338864
3481167670836659701_364338864_owner,3481167670836659701_364338864,364338864
3480432540367140046_364338864_owner,3480432540367140046_364338864,364338864
3479713161153231283_364338864_owner,3479713161153231283_364338864,364338864
3478967665206817535_364338864_owner,3478967665206817535_364338864,364338864
3476079247682479596_364338864_owner,3476079247682479596_364338864,364338864
3477443220739809257_364338864_owner,3477443220739809257_364338864,364338864
3476076647114456713_364338864_owner,3476076647114456713_364338864,364338864
3475348965081914444_364338864_owner,3475348965081914444_364338864,364338864
3472989823021324499_364338864_owner,3472989823021324499_364338864,364338864
3472265108979772583_364338864_owner,3472265108979772583_364338864,364338864
3471755820423247820_364338864_owner,3471755820423247820_364338864,364338864
3471564652544562234_364338864_owner,3471564652544562234_364338864,364338864
3471015662560357570_364338864_owner,3471015662560357570_364338864,364338864
3470271968781776238_364338864_owner,3470271968781776238_364338864,364338864
3449291563308854598_1298631596_owner,3449291563308854598_1298631596,1298631596
3357976920716604729_1298631596_owner,3357976920716604729_1298631596,1298631596
3337691714696901106_1298631596_owner,3337691714696901106_1298631596,1298631596
3224334039929864653_1298631596_owner,3224334039929864653_1298631596,1298631596
3125169892323402017_1298631596_owner,3125169892323402017_1298631596,1298631596
3087701855312752287_1298631596_owner,3087701855312752287_1298631596,1298631596
3018820242258171026_1298631596_owner,3018820242258171026_1298631596,1298631596
2993343295801692538_1298631596_owner,2993343295801692538_1298631596,1298631596
2972336573125618683_1298631596_owner,2972336573125618683_1298631596,1298631596
2963622226895330543_1298631596_owner,2963622226895330543_1298631596,1298631596
2933240469922932510_1298631596_owner,2933240469922932510_1298631596,1298631596
2928841630948375905_1298631596_owner,2928841630948375905_1298631596,1298631596
2927411550678162237_1298631596_owner,2927411550678162237_1298631596,1298631596
2923054611534025703_1298631596_owner,2923054611534025703_1298631596,1298631596
2915772658791317646_1298631596_owner,2915772658791317646_1298631596,1298631596
2912290023012138867_1298631596_owner,2912290023012138867_1298631596,1298631596
2907905976181977086_1298631596_owner,2907905976181977086_1298631596,1298631596
2897740014614838356_1298631596_owner,2897740014614838356_1298631596,1298631596
2893922499338121499_1298631596_owner,2893922499338121499_1298631596,1298631596
2889785522632106953_1298631596_owner,2889785522632106953_1298631596,1298631596
2887585266452465246_1298631596_owner,2887585266452465246_1298631596,1298631596
2885279409089950123_1298631596_owner,2885279409089950123_1298631596,1298631596
2883065942220142615_1298631596_owner,2883065942220142615_1298631596,1298631596
2880903067808354858_1298631596_owner,2880903067808354858_1298631596,1298631596
2864393517905699893_1298631596_owner,2864393517905699893_1298631596,1298631596
2849718124839452942_1298631596_owner,2849718124839452942_1298631596,1298631596
2849713979332111168_1298631596_owner,2849713979332111168_1298631596,1298631596
2838970282968733531_1298631596_owner,2838970282968733531_1298631596,1298631596
2836121869471340193_1298631596_owner,2836121869471340193_1298631596,1298631596
2774519062682025511_1298631596_owner,2774519062682025511_1298631596,1298631596
2771573634928420650_1298631596_owner,2771573634928420650_1298631596,1298631596
2707047361822034264_1298631596_owner,2707047361822034264_1298631596,1298631596
2678841250004714415_1298631596_owner,2678841250004714415_1298631596,1298631596
3501137096750178874_1753700511_owner,3501137096750178874_1753700511,1753700511
3480826827155374809_1753700511_owner,3480826827155374809_1753700511,1753700511
3472176321402910193_1753700511_owner,3472176321402910193_1753700511,1753700511
3459863198411252256_1753700511_owner,3459863198411252256_1753700511,1753700511
3455559236028436152_1753700511_owner,3455559236028436152_1753700511,1753700511
3449330444841963649_1753700511_owner,3449330444841963649_1753700511,1753700511
3448192725470204469_1753700511_owner,3448192725470204469_1753700511,1753700511
3413142388455814139_1753700511_owner,3413142388455814139_1753700511,1753700511
3411056526826631020_1753700511_owner,3411056526826631020_1753700511,1753700511
3409153786034236681_1753700511_owner,3409153786034236681_1753700511,1753700511
3403950813586847136_1753700511_owner,3403950813586847136_1753700511,1753700511
3403059550226772547_1753700511_owner,3403059550226772547_1753700511,1753700511
3402278464093335928_1753700511_owner,3402278464093335928_1753700511,1753700511
3400416894052547835_1753700511_owner,3400416894052547835_1753700511,1753700511
3399757366776738103_1753700511_owner,3399757366776738103_1753700511,1753700511
3398010831370638220_1753700511_owner,3398010831370638220_1753700511,1753700511
3397441625737982997_1753700511_owner,3397441625737982997_1753700511,1753700511
3384501114006086276_1753700511_owner,3384501114006086276_1753700511,1753700511
3383817745618418626_1753700511_owner,3383817745618418626_1753700511,1753700511
3383823423791604377_1753700511_owner,3383823423791604377_1753700511,1753700511
3377286834043068577_1753700511_owner,3377286834043068577_1753700511,1753700511
3375052753309855010_1753700511_owner,3375052753309855010_1753700511,1753700511
3337398062741239888_1753700511_owner,3337398062741239888_1753700511,1753700511
3325802005368468582_1753700511_owner,3325802005368468582_1753700511,1753700511
3315643104685794820_1753700511_owner,3315643104685794820_1753700511,1753700511
3307360681581681918_1753700511_owner,3307360681581681918_1753700511,1753700511
3303235219381227706_1753700511_owner,3303235219381227706_1753700511,1753700511
3158734270281818068_1753700511_owner,3158734270281818068_1753700511,1753700511
3082921319725950043_1753700511_owner,3082921319725950043_1753700511,1753700511
2854607434041712452_1753700511_owner,2854607434041712452_1753700511,1753700511
2853906195947503173_1753700511_owner,2853906195947503173_1753700511,1753700511
2852977553830756205_1753700511_owner,2852977553830756205_1753700511,1753700511
2850988519168294195_1753700511_owner,2850988519168294195_1753700511,1753700511
3501452090465272700_1418658812_owner,3501452090465272700_1418658812,1418658812
3500700949154459244_1418658812_owner,3500700949154459244_1418658812,1418658812
3500001610744483088_1418658812_owner,3500001610744483088_1418658812,1418658812
3499274975720273036_1418658812_owner,3499274975720273036_1418658812,1418658812
3498535014486401144_1418658812_owner,3498535014486401144_1418658812,1418658812
3496383443170233059_1418658812_owner,3496383443170233059_1418658812,1418658812
3494920817592631255_1418658812_owner,3494920817592631255_1418658812,1418658812
3494178371971785319_1418658812_owner,3494178371971785319_1418658812,1418658812
3493219653776000795_1418658812_owner,3493219653776000795_1418658812,1418658812
3492479269655420812_1418658812_owner,3492479269655420812_1418658812,1418658812
3491973785404681304_1418658812_owner,3491973785404681304_1418658812,1418658812
3491248393807040949_1418658812_owner,3491248393807040949_1418658812,1418658812
3490969698037755965_1418658812_owner,3490969698037755965_1418658812,1418658812
3490514743138439383_1418658812_owner,3490514743138439383_1418658812,1418658812
3489130248774749084_1418658812_owner,3489130248774749084_1418658812,1418658812
3488130820588834432_1418658812_owner,3488130820588834432_1418658812,1418658812
3487419360388024142_1418658812_owner,3487419360388024142_1418658812,1418658812
3486198080565394166_1418658812_owner,3486198080565394166_1418658812,1418658812
3485495545358244759_1418658812_owner,3485495545358244759_1418658812,1418658812
3484748792731725703_1418658812_owner,3484748792731725703_1418658812,1418658812
3484005367631452730_1418658812_owner,3484005367631452730_1418658812,1418658812
3482331595237167635_1418658812_owner,3482331595237167635_1418658812,1418658812
3481152967417585177_1418658812_owner,3481152967417585177_1418658812,1418658812
3480434642274408546_1418658812_owner,3480434642274408546_1418658812,1418658812
3479673027640615351_1418658812_owner,3479673027640615351_1418658812,1418658812
3478956356180537032_1418658812_owner,3478956356180537032_1418658812,1418658812
3477979161933006657_1418658812_owner,3477979161933006657_1418658812,1418658812
3477277304063357592_1418658812_owner,3477277304063357592_1418658812,1418658812
3476562024177750343_1418658812_owner,3476562024177750343_1418658812,1418658812
3476028242563465692_1418658812_owner,3476028242563465692_1418658812,1418658812
3475387872267814169_1418658812_owner,3475387872267814169_1418658812,1418658812
3474593201304355246_1418658812_owner,3474593201304355246_1418658812,1418658812
3473858333331103804_1418658812_owner,3473858333331103804_1418658812,1418658812
1303907115744448689_3529092324_owner,1303907115744448689_3529092324,3529092324
1301328299989679653_3529092324_owner,1301328299989679653_3529092324,3529092324
1293128667530862529_3529092324_owner,1293128667530862529_3529092324,3529092324
1291655339741913361_3529092324_owner,1291655339741913361_3529092324,3529092324
2618587019789825775_48740805368_owner,2618587019789825775_48740805368,48740805368
3500791833566026510_401690368_owner,3500791833566026510_401690368,401690368
3500067048262124337_401690368_owner,3500067048262124337_401690368,401690368
3499667025116561199_401690368_owner,3499667025116561199_401690368,401690368
3499334887116269277_401690368_owner,3499334887116269277_401690368,401690368
3498587246890585562_401690368_owner,3498587246890585562_401690368,401690368
3498247675327417918_401690368_owner,3498247675327417918_401690368,401690368
3497794579438688795_401690368_owner,3497794579438688795_401690368,401690368
3497500078262271628_401690368_owner,3497500078262271628_401690368,401690368
3497167881582542493_401690368_owner,3497167881582542493_401690368,401690368
3496448456308280590_401690368_owner,3496448456308280590_401690368,401690368
3496435778420393391_401690368_owner,3496435778420393391_401690368,401690368
3495711023559968034_401690368_owner,3495711023559968034_401690368,401690368
3494987575316690425_401690368_owner,3494987575316690425_401690368,401690368
3494268860863936525_401690368_owner,3494268860863936525_401690368,401690368
3493513810455798246_401690368_owner,3493513810455798246_401690368,401690368
3493313191142723553_401690368_owner,3493313191142723553_401690368,401690368
3493174225269323533_401690368_owner,3493174225269323533_401690368,401690368
3492690962083783946_401690368_owner,3492690962083783946_401690368,401690368
3492396445321456177_401690368_owner,3492396445321456177_401690368,401690368
3492064277381238243_401690368_owner,3492064277381238243_401690368,401690368
3491399852644243426_401690368_owner,3491399852644243426_401690368,401690368
3491347090078524449_401690368_owner,3491347090078524449_401690368,401690368
3490607380209263502_401690368_owner,3490607380209263502_401690368,401690368
3489890023337858127_401690368_owner,3489890023337858127_401690368,401690368
3489856016600726007_401690368_owner,3489856016600726007_401690368,401690368
3489489954348279713_401690368_owner,3489489954348279713_401690368,401690368
3489165358579254531_401690368_owner,3489165358579254531_401690368,401690368
3488410173196243693_401690368_owner,3488410173196243693_401690368,401690368
3488297078659011576_401690368_owner,3488297078659011576_401690368,401690368
3488070488955667156_401690368_owner,3488070488955667156_401690368,401690368
3487617502479403810_401690368_owner,3487617502479403810_401690368,401690368
3487323012770327868_401690368_owner,3487323012770327868_401690368,401690368
3486990907232876392_401690368_owner,3486990907232876392_401690368,401690368
1896703883959660023_2948707199_owner,1896703883959660023_2948707199,2948707199
1896605756751163679_2948707199_owner,1896605756751163679_2948707199,2948707199
1889384617180380177_2948707199_owner,1889384617180380177_2948707199,2948707199
1888833532776844425_2948707199_owner,1888833532776844425_2948707199,2948707199
1888731380118770890_2948707199_owner,1888731380118770890_2948707199,2948707199
1888067607402103684_2948707199_owner,1888067607402103684_2948707199,2948707199
1887877753185882101_2948707199_owner,1887877753185882101_2948707199,2948707199
1886390071324518639_2948707199_owner,1886390071324518639_2948707199,2948707199
1886020726526207962_2948707199_owner,1886020726526207962_2948707199,2948707199
1880783528608436886_2948707199_owner,1880783528608436886_2948707199,2948707199
1880107530920126566_2948707199_owner,1880107530920126566_2948707199,2948707199
1880011899907871473_2948707199_owner,1880011899907871473_2948707199,2948707199
1879235329086763740_2948707199_owner,1879235329086763740_2948707199,2948707199
1879176904671840336_2948707199_owner,1879176904671840336_2948707199,2948707199
1878783433901933103_2948707199_owner,1878783433901933103_2948707199,2948707199
1877136311863697858_2948707199_owner,1877136311863697858_2948707199,2948707199
1875583287466907954_2948707199_owner,1875583287466907954_2948707199,2948707199
1875022530102618840_2948707199_owner,1875022530102618840_2948707199,2948707199
1874949547115697193_2948707199_owner,1874949547115697193_2948707199,2948707199
1873687102187420361_2948707199_owner,1873687102187420361_2948707199,2948707199
1873592831866411904_2948707199_owner,1873592831866411904_2948707199,2948707199
1868529434481176794_2948707199_owner,1868529434481176794_2948707199,2948707199
1866100594832256881_2948707199_owner,1866100594832256881_2948707199,2948707199
1859641170504658922_2948707199_owner,1859641170504658922_2948707199,2948707199
1855896455242093309_2948707199_owner,1855896455242093309_2948707199,2948707199
1835041952515322263_2948707199_owner,1835041952515322263_2948707199,2948707199
1829840410711538819_2948707199_owner,1829840410711538819_2948707199,2948707199
1829550466160109428_2948707199_owner,1829550466160109428_2948707199,2948707199
1825521614718797405_2948707199_owner,1825521614718797405_2948707199,2948707199
1822882355587542201_2948707199_owner,1822882355587542201_2948707199,2948707199
1821829018733564709_2948707199_owner,1821829018733564709_2948707199,2948707199
1609063229517345491_2948707199_owner,1609063229517345491_2948707199,2948707199
1569899350103422344_2948707199_owner,1569899350103422344_2948707199,2948707199
1506485402797528023_5383473364_owner,1506485402797528023_5383473364,5383473364
1504723377767455852_5383473364_owner,1504723377767455852_5383473364,5383473364
1502066732952242736_5383473364_owner,1502066732952242736_5383473364,5383473364
1501984190265857808_5383473364_owner,1501984190265857808_5383473364,5383473364
1501980525744377037_5383473364_owner,1501980525744377037_5383473364,5383473364
1501887792979805062_5383473364_owner,1501887792979805062_5383473364,5383473364
1022244667353171274_470637016_owner,1022244667353171274_470637016,470637016
1022244602526008647_470637016_owner,1022244602526008647_470637016,470637016
1022244535643637062_470637016_owner,1022244535643637062_470637016,470637016
1022244449475855684_470637016_owner,1022244449475855684_470637016,470637016
1022244385386890562_470637016_owner,1022244385386890562_470637016,470637016
1022244321104987457_470637016_owner,1022244321104987457_470637016,470637016
1022244241723589952_470637016_owner,1022244241723589952_470637016,470637016
1022244169212462398_470637016_owner,1022244169212462398_470637016,470637016
1022244107925292348_470637016_owner,1022244107925292348_470637016,470637016
1607120451359181039_5326303672_owner,1607120451359181039_5326303672,5326303672
1500774472343720889_5326303672_owner,1500774472343720889_5326303672,5326303672
1497667731179578804_5326303672_owner,1497667731179578804_5326303672,5326303672
3123042336171640908_59538298029_owner,3123042336171640908_59538298029,59538298029
3112983380338047937_59538298029_owner,3112983380338047937_59538298029,59538298029
3105664696116964218_59538298029_owner,3105664696116964218_59538298029,59538298029
3104354729467848329_59538298029_owner,3104354729467848329_59538298029,59538298029
3093027199951708765_59538298029_owner,3093027199951708765_59538298029,59538298029
3089813944429039343_59538298029_owner,3089813944429039343_59538298029,59538298029
3087741226875457842_59538298029_owner,3087741226875457842_59538298029,59538298029
3086275130595200866_59538298029_owner,3086275130595200866_59538298029,59538298029
3086268187570672154_59538298029_owner,3086268187570672154_59538298029,59538298029
3086243594579569556_59538298029_owner,3086243594579569556_59538298029,59538298029
1057441846926909650_2010753463_owner,1057441846926909650_2010753463,2010753463
1057440938977534097_2010753463_owner,1057440938977534097_2010753463,2010753463
1053126676960387728_2010753463_owner,1053126676960387728_2010753463,2010753463
1053118910434779515_2010753463_owner,1053118910434779515_2010753463,2010753463
3501272855969688312_2930555453_owner,3501272855969688312_2930555453,2930555453
3500548094941265495_2930555453_owner,3500548094941265495_2930555453,2930555453
3499410616567169439_2930555453_owner,3499410616567169439_2930555453,2930555453
3499368384337025687_2930555453_owner,3499368384337025687_2930555453,2930555453
3499098521619302254_2930555453_owner,3499098521619302254_2930555453,2930555453
3496924299357541551_2930555453_owner,3496924299357541551_2930555453,2930555453
3496464968301492582_2930555453_owner,3496464968301492582_2930555453,2930555453
3496199420598531158_2930555453_owner,3496199420598531158_2930555453,2930555453
3495709753777004051_2930555453_owner,3495709753777004051_2930555453,2930555453
3495707600185730649_2930555453_owner,3495707600185730649_2930555453,2930555453
3495474631459689611_2930555453_owner,3495474631459689611_2930555453,2930555453
3494749928687459759_2930555453_owner,3494749928687459759_2930555453,2930555453
3494691419597057444_2930555453_owner,3494691419597057444_2930555453,2930555453
3494298993333835454_2930555453_owner,3494298993333835454_2930555453,2930555453
3494238884168861732_2930555453_owner,3494238884168861732_2930555453,2930555453
3494030756880187758_2930555453_owner,3494030756880187758_2930555453,2930555453
3493301617990773977_2930555453_owner,3493301617990773977_2930555453,2930555453
3492887265233320445_2930555453_owner,3492887265233320445_2930555453,2930555453
3492857366891247575_2930555453_owner,3492857366891247575_2930555453,2930555453
3492822734020674355_2930555453_owner,3492822734020674355_2930555453,2930555453
3492579722335350514_2930555453_owner,3492579722335350514_2930555453,2930555453
3492192995657109853_2930555453_owner,3492192995657109853_2930555453,2930555453
3492158368179523939_2930555453_owner,3492158368179523939_2930555453,2930555453
3491856536994044067_2930555453_owner,3491856536994044067_2930555453,2930555453
3491454049604059391_2930555453_owner,3491454049604059391_2930555453,2930555453
3491329028269909561_2930555453_owner,3491329028269909561_2930555453,2930555453
3491126102418115283_2930555453_owner,3491126102418115283_2930555453,2930555453
3490685072258032346_2930555453_owner,3490685072258032346_2930555453,2930555453
3490625942450620206_2930555453_owner,3490625942450620206_2930555453,2930555453
3490404914147110214_2930555453_owner,3490404914147110214_2930555453,2930555453
3489986081581420032_2930555453_owner,3489986081581420032_2930555453,2930555453
3489942982638238638_2930555453_owner,3489942982638238638_2930555453,2930555453
3489888061140642026_2930555453_owner,3489888061140642026_2930555453,2930555453
3216105738674312174_6690012877_owner,3216105738674312174_6690012877,6690012877
3211777675970932530_6690012877_owner,3211777675970932530_6690012877,6690012877
3204298000218662314_6690012877_owner,3204298000218662314_6690012877,6690012877
3202265050853612320_6690012877_owner,3202265050853612320_6690012877,6690012877
3199304687946112595_6690012877_owner,3199304687946112595_6690012877,6690012877
3189231982509179657_6690012877_owner,3189231982509179657_6690012877,6690012877
3179941388125401332_6690012877_owner,3179941388125401332_6690012877,6690012877
3166363622171992788_6690012877_owner,3166363622171992788_6690012877,6690012877
3166024297349586818_6690012877_owner,3166024297349586818_6690012877,6690012877
3164599210255655844_6690012877_owner,3164599210255655844_6690012877,6690012877
3159870511383970962_6690012877_owner,3159870511383970962_6690012877,6690012877
3158956455378724762_6690012877_owner,3158956455378724762_6690012877,6690012877
3155914772659462277_6690012877_owner,3155914772659462277_6690012877,6690012877
3155048244443044956_6690012877_owner,3155048244443044956_6690012877,6690012877
3153612060151969278_6690012877_owner,3153612060151969278_6690012877,6690012877
3129785067535457334_6690012877_owner,3129785067535457334_6690012877,6690012877
3123157489181011220_6690012877_owner,3123157489181011220_6690012877,6690012877
3083277274485503045_6690012877_owner,3083277274485503045_6690012877,6690012877
3082861227764799850_6690012877_owner,3082861227764799850_6690012877,6690012877
3078992713878442016_6690012877_owner,3078992713878442016_6690012877,6690012877
3071821243784034383_6690012877_owner,3071821243784034383_6690012877,6690012877
3071006805434688221_6690012877_owner,3071006805434688221_6690012877,6690012877
3069615464687492525_6690012877_owner,3069615464687492525_6690012877,6690012877
3068957867521233940_6690012877_owner,3068957867521233940_6690012877,6690012877
3068053123651050498_6690012877_owner,3068053123651050498_6690012877,6690012877
3066724549379499565_6690012877_owner,3066724549379499565_6690012877,6690012877
3066001804807115094_6690012877_owner,3066001804807115094_6690012877,6690012877
3055831148329299056_6690012877_owner,3055831148329299056_6690012877,6690012877
3052926944308847730_6690012877_owner,3052926944308847730_6690012877,6690012877
3052444217054670717_6690012877_owner,3052444217054670717_6690012877,6690012877
3040667879830666114_6690012877_owner,3040667879830666114_6690012877,6690012877
3040667717670323997_6690012877_owner,3040667717670323997_6690012877,6690012877
3040667550191786402_6690012877_owner,3040667550191786402_6690012877,6690012877
3462850459422039124_69634657977_owner,3462850459422039124_69634657977,69634657977
1973956922323759209_2538773877_owner,1973956922323759209_2538773877,2538773877
1970077575858622426_2538773877_owner,1970077575858622426_2538773877,2538773877
1927552655165822102_2538773877_owner,1927552655165822102_2538773877,2538773877
1704081158377315273_2538773877_owner,1704081158377315273_2538773877,2538773877
1703441139111057073_2538773877_owner,1703441139111057073_2538773877,2538773877
1702875369654392926_2538773877_owner,1702875369654392926_2538773877,2538773877
1702517210653826104_2538773877_owner,1702517210653826104_2538773877,2538773877
1649986665403874967_2538773877_owner,1649986665403874967_2538773877,2538773877
1522154662416176814_2538773877_owner,1522154662416176814_2538773877,2538773877
1496420536824388934_2538773877_owner,1496420536824388934_2538773877,2538773877
1484620735355276105_2538773877_owner,1484620735355276105_2538773877,2538773877
1480892572435327762_2538773877_owner,1480892572435327762_2538773877,2538773877
1471712336313319586_2538773877_owner,1471712336313319586_2538773877,2538773877
1438056745360934975_2538773877_owner,1438056745360934975_2538773877,2538773877
1435121341691178347_2538773877_owner,1435121341691178347_2538773877,2538773877
1434443496614620574_2538773877_owner,1434443496614620574_2538773877,2538773877
1433224158855521313_2538773877_owner,1433224158855521313_2538773877,2538773877
1433204567202799467_2538773877_owner,1433204567202799467_2538773877,2538773877
1432189482024031692_2538773877_owner,1432189482024031692_2538773877,2538773877
1432185773806209934_2538773877_owner,1432185773806209934_2538773877,2538773877
1430955133336781226_2538773877_owner,1430955133336781226_2538773877,2538773877
1411330271996245365_2538773877_owner,1411330271996245365_2538773877,2538773877
1410611142913388670_2538773877_owner,1410611142913388670_2538773877,2538773877
1410582880669471363_2538773877_owner,1410582880669471363_2538773877,2538773877
1409328468865732211_2538773877_owner,1409328468865732211_2538773877,2538773877
1394832322545909618_2538773877_owner,1394832322545909618_2538773877,2538773877
1383040248058467068_2538773877_owner,1383040248058467068_2538773877,2538773877
1333887577438361473_2538773877_owner,1333887577438361473_2538773877,2538773877
1319399019529041530_2538773877_owner,1319399019529041530_2538773877,2538773877
1315203493610768824_2538773877_owner,1315203493610768824_2538773877,2538773877
1312913561936709201_2538773877_owner,1312913561936709201_2538773877,2538773877
1312150741007596494_2538773877_owner,1312150741007596494_2538773877,2538773877
1312149858022634957_2538773877_owner,1312149858022634957_2538773877,2538773877
1909741411537000774_7537523547_owner,1909741411537000774_7537523547,7537523547
1909677752983217725_7537523547_owner,1909677752983217725_7537523547,7537523547
1905460299738503006_7537523547_owner,1905460299738503006_7537523547,7537523547
1905348732325750098_7537523547_owner,1905348732325750098_7537523547,7537523547
1905254434565724999_7537523547_owner,1905254434565724999_7537523547,7537523547
1904582156177727743_7537523547_owner,1904582156177727743_7537523547,7537523547
1904499357496162032_7537523547_owner,1904499357496162032_7537523547,7537523547
1903861452385919595_7537523547_owner,1903861452385919595_7537523547,7537523547
1903777613139629818_7537523547_owner,1903777613139629818_7537523547,7537523547
1903115536523685126_7537523547_owner,1903115536523685126_7537523547,7537523547
1903047395751883999_7537523547_owner,1903047395751883999_7537523547,7537523547
1902503353242757385_7537523547_owner,1902503353242757385_7537523547,7537523547
1902414981816040683_7537523547_owner,1902414981816040683_7537523547,7537523547
1902322510383087631_7537523547_owner,1902322510383087631_7537523547,7537523547
1901708713771443410_7537523547_owner,1901708713771443410_7537523547,7537523547
1901597238606920998_7537523547_owner,1901597238606920998_7537523547,7537523547
1901065158093299818_7537523547_owner,1901065158093299818_7537523547,7537523547
1900969319354252398_7537523547_owner,1900969319354252398_7537523547,7537523547
1900872400355235195_7537523547_owner,1900872400355235195_7537523547,7537523547
1900237055708104916_7537523547_owner,1900237055708104916_7537523547,7537523547
1900147660267240460_7537523547_owner,1900147660267240460_7537523547,7537523547
1899600481324797084_7537523547_owner,1899600481324797084_7537523547,7537523547
1899514703093561477_7537523547_owner,1899514703093561477_7537523547,7537523547
1899430424099482299_7537523547_owner,1899430424099482299_7537523547,7537523547
1898785425372528726_7537523547_owner,1898785425372528726_7537523547,7537523547
1898714302559611537_7537523547_owner,1898714302559611537_7537523547,7537523547
1898066804681778355_7537523547_owner,1898066804681778355_7537523547,7537523547
1898003127471657763_7537523547_owner,1898003127471657763_7537523547,7537523547
1897379668089930246_7537523547_owner,1897379668089930246_7537523547,7537523547
1897274755544203893_7537523547_owner,1897274755544203893_7537523547,7537523547
1896636234944854881_7537523547_owner,1896636234944854881_7537523547,7537523547
1896535302961876906_7537523547_owner,1896535302961876906_7537523547,7537523547
1895882928073093378_7537523547_owner,1895882928073093378_7537523547,7537523547
3378061528391700494_65546019529_owner,3378061528391700494_65546019529,65546019529
3373668199683958843_65546019529_owner,3373668199683958843_65546019529,65546019529
3370727373978834964_65546019529_owner,3370727373978834964_65546019529,65546019529
3370713683367969624_65546019529_owner,3370713683367969624_65546019529,65546019529
3369303820663347830_65546019529_owner,3369303820663347830_65546019529,65546019529
3369202067933266039_65546019529_owner,3369202067933266039_65546019529,65546019529
3368063709778557151_65546019529_owner,3368063709778557151_65546019529,65546019529
3367885601594502581_65546019529_owner,3367885601594502581_65546019529,65546019529
3367266242934010863_65546019529_owner,3367266242934010863_65546019529,65546019529
3364286760827720738_65546019529_owner,3364286760827720738_65546019529,65546019529
3363408257647252701_65546019529_owner,3363408257647252701_65546019529,65546019529
3363055928209366076_65546019529_owner,3363055928209366076_65546019529,65546019529
3362676150364920582_65546019529_owner,3362676150364920582_65546019529,65546019529
3362189798704780730_65546019529_owner,3362189798704780730_65546019529,65546019529
3360587172920980843_65546019529_owner,3360587172920980843_65546019529,65546019529
3360169571665735685_65546019529_owner,3360169571665735685_65546019529,65546019529
3359335369630808925_65546019529_owner,3359335369630808925_65546019529,65546019529
3358671524485681718_65546019529_owner,3358671524485681718_65546019529,65546019529
3358576566962393092_65546019529_owner,3358576566962393092_65546019529,65546019529
3358380680859824942_65546019529_owner,3358380680859824942_65546019529,65546019529
3357913041877112799_65546019529_owner,3357913041877112799_65546019529,65546019529
3357770903414839716_65546019529_owner,3357770903414839716_65546019529,65546019529
3357609692974934477_65546019529_owner,3357609692974934477_65546019529,65546019529
3357127514370518135_65546019529_owner,3357127514370518135_65546019529,65546019529
3356559569889524029_65546019529_owner,3356559569889524029_65546019529,65546019529
3356484878672480666_65546019529_owner,3356484878672480666_65546019529,65546019529
3356247596257602960_65546019529_owner,3356247596257602960_65546019529,65546019529
3355811249055257455_65546019529_owner,3355811249055257455_65546019529,65546019529
3355109238731022083_65546019529_owner,3355109238731022083_65546019529,65546019529
3355030968237699790_65546019529_owner,3355030968237699790_65546019529,65546019529
3353624485506936885_65546019529_owner,3353624485506936885_65546019529,65546019529
3352837867280589020_65546019529_owner,3352837867280589020_65546019529,65546019529
3352115541291502503_65546019529_owner,3352115541291502503_65546019529,65546019529
1854585472485747341_7631987676_owner,1854585472485747341_7631987676,7631987676
1806233867483234109_7631987676_owner,1806233867483234109_7631987676,7631987676
1782340373882840038_7631987676_owner,1782340373882840038_7631987676,7631987676
1770827463073845437_7631987676_owner,1770827463073845437_7631987676,7631987676
1769847119071860593_7631987676_owner,1769847119071860593_7631987676,7631987676
1769395035671205364_7631987676_owner,1769395035671205364_7631987676,7631987676
2308288055611817783_12065033637_owner,2308288055611817783_12065033637,12065033637
2282888474460030445_12065033637_owner,2282888474460030445_12065033637,12065033637
2165748429127817437_12065033637_owner,2165748429127817437_12065033637,12065033637
2122767075658670236_12065033637_owner,2122767075658670236_12065033637,12065033637
2120372748344794876_12065033637_owner,2120372748344794876_12065033637,12065033637
2119039795429705910_12065033637_owner,2119039795429705910_12065033637,12065033637
2116155998090602622_12065033637_owner,2116155998090602622_12065033637,12065033637
2112855696843457148_12065033637_owner,2112855696843457148_12065033637,12065033637
2111760394988205510_12065033637_owner,2111760394988205510_12065033637,12065033637
2111047681387275683_12065033637_owner,2111047681387275683_12065033637,12065033637
2110304288113699612_12065033637_owner,2110304288113699612_12065033637,12065033637
2109692634296740563_12065033637_owner,2109692634296740563_12065033637,12065033637
2108966718008236968_12065033637_owner,2108966718008236968_12065033637,12065033637
2108147578230032275_12065033637_owner,2108147578230032275_12065033637,12065033637
2107516099833839715_12065033637_owner,2107516099833839715_12065033637,12065033637
2106706347478479682_12065033637_owner,2106706347478479682_12065033637,12065033637
2105958604812087097_12065033637_owner,2105958604812087097_12065033637,12065033637
2105304397398621760_12065033637_owner,2105304397398621760_12065033637,12065033637
2104508934189491048_12065033637_owner,2104508934189491048_12065033637,12065033637
2103827577624911108_12065033637_owner,2103827577624911108_12065033637,12065033637
2103038087079876197_12065033637_owner,2103038087079876197_12065033637,12065033637
2102331526900565118_12065033637_owner,2102331526900565118_12065033637,12065033637
2101871340222089831_12065033637_owner,2101871340222089831_12065033637,12065033637
2101816453576731445_12065033637_owner,2101816453576731445_12065033637,12065033637
2101634989354519056_12065033637_owner,2101634989354519056_12065033637,12065033637
2100517593592014861_12065033637_owner,2100517593592014861_12065033637,12065033637
2009992487474481964_12065033637_owner,2009992487474481964_12065033637,12065033637
2009992044690049185_12065033637_owner,2009992044690049185_12065033637,12065033637
2009953703206702881_12065033637_owner,2009953703206702881_12065033637,12065033637
2009922607475744802_12065033637_owner,2009922607475744802_12065033637,12065033637
2009918706756288756_12065033637_owner,2009918706756288756_12065033637,12065033637
2009914715934576035_12065033637_owner,2009914715934576035_12065033637,12065033637
2009911034979897819_12065033637_owner,2009911034979897819_12065033637,12065033637
1091781705921256229_2207213381_owner,1091781705921256229_2207213381,2207213381
1089608769365924120_2207213381_owner,1089608769365924120_2207213381,2207213381
1082100041032981101_2207213381_owner,1082100041032981101_2207213381,2207213381
1081502046805612609_2207213381_owner,1081502046805612609_2207213381,2207213381
1080638634345159629_2207213381_owner,1080638634345159629_2207213381,2207213381
1079977634029689077_2207213381_owner,1079977634029689077_2207213381,2207213381
1079639207325260206_2207213381_owner,1079639207325260206_2207213381,2207213381
1079636620161112440_2207213381_owner,1079636620161112440_2207213381,2207213381
2568738873263159563_47446807091_owner,2568738873263159563_47446807091,47446807091
2568738851637332981_47446807091_owner,2568738851637332981_47446807091,47446807091
2017771290865540480_11282775520_owner,2017771290865540480_11282775520,11282775520
1995195050656947535_11282775520_owner,1995195050656947535_11282775520,11282775520
1995141606172570617_11282775520_owner,1995141606172570617_11282775520,11282775520
1989396317146958687_11282775520_owner,1989396317146958687_11282775520,11282775520
1985720995662776066_11282775520_owner,1985720995662776066_11282775520,11282775520
1985719204644566100_11282775520_owner,1985719204644566100_11282775520,11282775520
2597245168055195919_48126829400_owner,2597245168055195919_48126829400,48126829400
2597244168141350100_48126829400_owner,2597244168141350100_48126829400,48126829400
2597242844352057827_48126829400_owner,2597242844352057827_48126829400,48126829400
2597242597240256862_48126829400_owner,2597242597240256862_48126829400,48126829400
2597242275839188733_48126829400_owner,2597242275839188733_48126829400,48126829400
2597241910230204031_48126829400_owner,2597241910230204031_48126829400,48126829400
2597241660316651693_48126829400_owner,2597241660316651693_48126829400,48126829400
2597241387636630413_48126829400_owner,2597241387636630413_48126829400,48126829400
2597240940901408517_48126829400_owner,2597240940901408517_48126829400,48126829400
2597240669286617843_48126829400_owner,2597240669286617843_48126829400,48126829400
2597240435101835060_48126829400_owner,2597240435101835060_48126829400,48126829400
2597240109498019175_48126829400_owner,2597240109498019175_48126829400,48126829400
2597239845692995139_48126829400_owner,2597239845692995139_48126829400,48126829400
2597239611340461889_48126829400_owner,2597239611340461889_48126829400,48126829400
2597239362022644817_48126829400_owner,2597239362022644817_48126829400,48126829400
2597239070166172333_48126829400_owner,2597239070166172333_48126829400,48126829400
2593890402084163282_48126829400_owner,2593890402084163282_48126829400,48126829400
2593889888793598397_48126829400_owner,2593889888793598397_48126829400,48126829400
1635134805288267773_6274691677_owner,1635134805288267773_6274691677,6274691677
1969575976149237707_8266785674_owner,1969575976149237707_8266785674,8266785674
1967393932988273076_8266785674_owner,1967393932988273076_8266785674,8266785674
1910756262262644965_8266785674_owner,1910756262262644965_8266785674,8266785674
1895535240269814735_8266785674_owner,1895535240269814735_8266785674,8266785674
1875287146728580527_8266785674_owner,1875287146728580527_8266785674,8266785674
1873165238008773180_8266785674_owner,1873165238008773180_8266785674,8266785674
1872370660544371607_8266785674_owner,1872370660544371607_8266785674,8266785674
1871621896732994015_8266785674_owner,1871621896732994015_8266785674,8266785674
1870628491743776638_8266785674_owner,1870628491743776638_8266785674,8266785674
1868072855835324004_8266785674_owner,1868072855835324004_8266785674,8266785674
1867348475534741428_8266785674_owner,1867348475534741428_8266785674,8266785674
1866640354227104767_8266785674_owner,1866640354227104767_8266785674,8266785674
1865887187587711221_8266785674_owner,1865887187587711221_8266785674,8266785674
1865141766770720124_8266785674_owner,1865141766770720124_8266785674,8266785674
1863585984258462110_8266785674_owner,1863585984258462110_8266785674,8266785674
1862210870677740578_8266785674_owner,1862210870677740578_8266785674,8266785674
1861586541992522888_8266785674_owner,1861586541992522888_8266785674,8266785674
1860779886870574741_8266785674_owner,1860779886870574741_8266785674,8266785674
1860070195014273818_8266785674_owner,1860070195014273818_8266785674,8266785674
1857871841337459754_8266785674_owner,1857871841337459754_8266785674,8266785674
1857292794853198700_8266785674_owner,1857292794853198700_8266785674,8266785674
1855730622108900986_8266785674_owner,1855730622108900986_8266785674,8266785674
1855012115712988467_8266785674_owner,1855012115712988467_8266785674,8266785674
1853615636280630320_8266785674_owner,1853615636280630320_8266785674,8266785674
1852050281611415323_8266785674_owner,1852050281611415323_8266785674,8266785674
1851414293155571271_8266785674_owner,1851414293155571271_8266785674,8266785674
1850633951393887598_8266785674_owner,1850633951393887598_8266785674,8266785674
1849911145005851517_8266785674_owner,1849911145005851517_8266785674,8266785674
1849277942205381683_8266785674_owner,1849277942205381683_8266785674,8266785674
1847710994581537955_8266785674_owner,1847710994581537955_8266785674,8266785674
1841858918441928174_8266785674_owner,1841858918441928174_8266785674,8266785674
1831041606906322266_8266785674_owner,1831041606906322266_8266785674,8266785674
1828961768380961953_8266785674_owner,1828961768380961953_8266785674,8266785674
